Error,2.3957372806558556E-13,1.8400391740616434E-12,6.121934532872859E-12,1.3557979511635948E-11,1.5542607006192792E-11,2.0808170220401457E-11,2.3492336778194995E-11,6.79918449736007E-11,7.98538543420164E-11,1.4376311708495053E-10,2.7973894091807043E-10,3.389047797530543E-10,4.209341075220234E-10,4.338644764671069E-10,4.57189274755118E-10,4.6233748697446243E-10,5.822468319047415E-10,9.842523014126372E-10,1.0867413516181997E-9,1.2212135283343287E-9,2.8790408508553985E-9,3.109233208165199E-9,4.190538588238752E-9,4.233373109147895E-9,4.373741646479413E-9,4.569794723505163E-9,6.01773350222545E-9,6.865874559083718E-9,9.796762575026741E-9,9.797692770458512E-9,1.0039615609371964E-8,1.549828632728556E-8,1.5505631167873405E-8,2.538581793714964E-8,3.057484520307209E-8,3.953265035403455E-8,4.885855767376867E-8,5.712262114834148E-8,7.243376717532073E-8,7.477572497586271E-8,8.468042877851175E-8,9.03821599573936E-8,1.0333809978903836E-7,1.7265813026573227E-7,1.914611962837903E-7,1.9743168659928067E-7,2.1165252317391835E-7,3.336566041121845E-7,3.8466695165859434E-7,5.259893712545599E-7,5.388042691672313E-7,6.728839138049224E-7,7.081820332439271E-7,7.537113687620134E-7,9.381542986823272E-7,1.013396365061422E-6,1.2647471002394623E-6,1.3435396474133644E-6,1.4140343252315522E-6,1.5225037086731305E-6,1.5489989455473593E-6,1.5554067945198256E-6,1.5859323246580951E-6,1.6031897445795542E-6,1.6690222050543285E-6,1.6940870610915289E-6,1.8081771373535245E-6,1.9652358514603217E-6,2.1267599253674877E-6,2.393226411756724E-6,2.6673897225681447E-6,3.1870185724566437E-6,3.215102509076672E-6,3.376436741998768E-6,3.4962429838465834E-6,3.5824222321422303E-6,4.152084466991342E-6,4.873627705245769E-6,5.071452839320271E-6,5.1448657358617124E-6,5.729412982611791E-6,6.0467412311071E-6,6.3747383871207765E-6,6.53364961102022E-6,6.72978164513088E-6,6.836068242763454E-6,6.9217154230096E-6,7.202812027994569E-6,8.583075332162922E-6,9.809005521638907E-6,1.0871599562240726E-5,1.1420651926876145E-5,1.1727753262702179E-5,1.2141111451836642E-5,1.2979394445389004E-5,1.4605403443104716E-5,1.5247770263803263E-5,1.5416298584176863E-5,1.6369208992413523E-5,1.6401367764519034E-5,1.6904547968183035E-5,1.6916291077361126E-5,1.7392022299073492E-5,1.7602130567767337E-5,1.8326472029732162E-5,1.844924283392302E-5,1.9189886796845485E-5,2.158742815815327E-5,2.195984818964619E-5,2.3734663850723013E-5,2.4159930095706223E-5,2.457961583801291E-5,2.5053531334852962E-5,2.5739887253494242E-5,2.581124241164621E-5,2.6165073438371193E-5,2.645522431005688E-5,2.718358623137829E-5,2.855774234036753E-5,2.891551385021841E-5,2.900294485173714E-5,3.225839806600228E-5,3.381024546428834E-5,3.4188079185540834E-5,3.947113747306521E-5,4.1651098315870986E-5,4.48289426465221E-5,5.217738197740338E-5,5.247139303423984E-5,5.447293431494178E-5,5.471379777134427E-5,5.7294019813287605E-5,5.824093616728296E-5,6.061962174905265E-5,6.110931102400327E-5,6.572441859411598E-5,6.71285210411668E-5,7.18659430132689E-5,8.365408264005677E-5,8.679024480017767E-5,8.820555537553904E-5,9.596594110704477E-5,9.802165955471957E-5,1.0167143836385855E-4,1.1039681861854542E-4,1.167431675090737E-4,1.2090128248266345E-4,1.3075437008407842E-4,1.3862445389479738E-4,1.433213925383131E-4,1.458884406080522E-4,1.4639588967795607E-4,1.5201792053035813E-4,1.539723356990598E-4,1.6160135459293627E-4,1.6197379666313972E-4,1.6746472719608369E-4,1.6853702211574512E-4,1.8190965252206073E-4,1.8498766458968467E-4,1.888694307016345E-4,2.011221555884487E-4,2.0166217078415176E-4,2.0812958598420125E-4,2.1047199362025983E-4,2.160719529211624E-4,2.197120902193836E-4,2.2342860742428808E-4,2.267101954856235E-4,2.2918090689351363E-4,2.3484055396544973E-4,2.4271234689018462E-4,2.4280407709786496E-4,2.432437902331864E-4,2.4327978203316593E-4,2.4832115054347983E-4,2.5239385577487653E-4,2.569139757847705E-4,2.569200737162126E-4,2.6172640308737185E-4,2.736814079944568E-4,2.7371981828703266E-4,2.783776057510167E-4,3.0000786114294756E-4,3.0154108917743356E-4,3.08582931015321E-4,3.098213988016891E-4,3.156020265154514E-4,3.165607794906123E-4,3.258170784250882E-4,3.2762596669793384E-4,3.331461302144992E-4,3.353557803421714E-4,3.378719384673784E-4,3.450531872793253E-4,3.5375695642925924E-4,3.551949861673492E-4,3.767164502146218E-4,3.8628593143670293E-4,3.9109903887383623E-4,3.986874120163203E-4,4.032759987006816E-4,4.057219587965918E-4,4.0978659753880797E-4,4.112199759711833E-4,4.1214758014971524E-4,4.162915940856308E-4,4.193521389325309E-4,4.379701919399547E-4,4.399073625465411E-4,4.412306681551001E-4,4.475325750855778E-4,4.519171509935251E-4,4.682733233799511E-4,4.6906069464928556E-4,4.7458576189064256E-4,4.7614533538759294E-4,4.7997165546921443E-4,4.8325822206493564E-4,4.8363913749062713E-4,4.874685835576203E-4,4.8811259612658773E-4,4.898300588729111E-4,4.958243736359073E-4,4.998016428184164E-4,5.02380908329066E-4,5.024744779074131E-4,5.108524371310999E-4,5.149609072805161E-4,5.268537672089638E-4,5.271287150440857E-4,5.345157168519063E-4,5.478458466437338E-4,5.488113105009991E-4,5.542093033643024E-4,5.587050448966473E-4,5.726324651118404E-4,5.753351264964249E-4,5.758681059903818E-4,5.7863206136883E-4,5.957287237492044E-4,6.023693476009672E-4,6.041432468368547E-4,6.06318045923048E-4,6.111719011078789E-4,6.15820233599847E-4,6.163056532873006E-4,6.176992218572673E-4,6.186945221597255E-4,6.334236144218536E-4,6.427625026011938E-4,6.447288926846676E-4,6.466511484507929E-4,6.582319850655213E-4,6.907773755765998E-4,6.960108482534894E-4,6.991479713706249E-4,7.0359989517892E-4,7.357418115051191E-4,7.368464327527697E-4,7.432296428102783E-4,7.432584022430619E-4,7.443273084579947E-4,7.497550304986066E-4,7.599422978821182E-4,7.638927771704571E-4,7.690651362465085E-4,7.980186378446257E-4,7.99584107069085E-4,8.00247683827969E-4,8.06304030399304E-4,8.226808076963094E-4,8.431475689348482E-4,8.436788175652781E-4,8.460722263506989E-4,8.54824228525956E-4,8.694909400065418E-4,8.791243552939483E-4,8.856202381725214E-4,8.986273229486438E-4,9.050310882178961E-4,9.073988538926615E-4,9.085676246790111E-4,9.159581088042641E-4,9.304231170641653E-4,9.326915904049819E-4,9.46461858348079E-4,9.517532408193618E-4,9.572482178244406E-4,9.766784493469081E-4,9.768911802554064E-4,9.777458064272684E-4,9.86352349815181E-4,0.001009900636480702,0.0010102317830291063,0.0010137513786958744,0.0010167418572261718,0.0010493966983907519,0.0010552854775128823,0.0010567198085051047,0.0010635712865609485,0.0010741191942831496,0.0010765254752757648,0.0010885983126202733,0.001089554043552659,0.0010942184118778494,0.0011121680524949391,0.0011315965276416263,0.0011368122753296142,0.001167057881985917,0.0011878804051972084,0.0012006919276756796,0.0012130436099320563,0.0012189771726413138,0.001225579637369281,0.001233054761205881,0.001243092747787347,0.001246646787779402,0.0012514189951809687,0.001262047288256734,0.0012686594645206816,0.0012849884924556831,0.001289844320070564,0.0012922205007005075,0.001319155432564309,0.0013195182418661812,0.0013267129853708898,0.0013303731852266172,0.0013321045562823485,0.0013663152402319245,0.0013828667316485754,0.0014022851150140884,0.001408949549577731,0.001412886997989503,0.001437396908049313,0.001438981755676931,0.0014392915777276386,0.0014497966795596873,0.0014513447809404241,0.0014630921492012965,0.0014643347331323665,0.0014904406247735799,0.0015054329335698784,0.0015130128751934023,0.0015159511269067921,0.0015176664401134385,0.0015351640526587525,0.0015374995238118987,0.0015389961138935141,0.0015438610658083285,0.0015487244910889733,0.0015675456229460628,0.0015774621821711388,0.0015782948299005771,0.0015798650543782996,0.0015918500578593028,0.0015924261483662753,0.0015933567972099237,0.0016019553829442542,0.0016148461928695485,0.0016205502410033895,0.0016236595678281872,0.001628461607732317,0.0016286148670776226,0.0016331417039802103,0.0016381462038841054,0.0016644922217916554,0.001665503476183077,0.00166651989394415,0.0016686822686253228,0.0016738642366524044,0.0016762285563231432,0.0016827302796775198,0.0016897974948172796,0.0016928058865101755,0.0016963549158426033,0.0016964533728530842,0.0016972688468026697,0.001705709830450866,0.0017207889688171847,0.0017218250243342848,0.0017227357720321656,0.0017245054366662933,0.0017269817416257424,0.0017291989431040215,0.0017354036897911573,0.001746160240834226,0.0017638271263130472,0.0017696726695470473,0.0017805907007298104,0.0017864403560432724,0.0018004239172367269,0.0018026871981603907,0.001810991497193957,0.0018166058222189385,0.0018289665205758264,0.0018339873111592768,0.0018390568693652514,0.0018442194129115923,0.0018503779376144885,0.0018519939007838795,0.0018644079168615504,0.0018668080569527784,0.0018725375956092545,0.0018774663901852161,0.001880897381063449,0.0018942153088970558,0.0018995300777461905,0.001908078369520986,0.001923143929180368,0.0019309512034429046,0.0019432319110353907,0.0019599777165097716,0.001965995015538877,0.0019753683862285356,0.0019868602611463173,0.001993180750933489,0.0019983985058500122,0.0020338177552617076,0.0020390599111109846,0.0020810573090820675,0.0021043449208596994,0.002105265663150153,0.002108352194431289,0.0021529062970044475,0.002164319614380953,0.002174388679742649,0.0021783053486171223,0.0021891939078370285,0.002198650889362928,0.0022115565208234737,0.0022197619076817798,0.002226066312800715,0.0022273859237172803,0.0022380838123337837,0.0022432403246043352,0.002278186551623652,0.0022784192860853866,0.0022785986490483764,0.002300534656345508,0.0023067439206558606,0.002310054522344233,0.0023317124182016097,0.0023384318178675317,0.002341272885723334,0.0023423574286464553,0.0023510553390558775,0.0023726704372289483,0.002389137799603801,0.002443324114365402,0.002445203858812351,0.002454517106028094,0.0024773765787881787,0.0024825720673910825,0.0024894579826061683,0.002520103049835315,0.002522533643891548,0.0025248891058928732,0.002541154142825761,0.0025554025584920755,0.0025632383347783017,0.0025829458234484896,0.0025930153466194638,0.002619309698736334,0.0026301261270571964,0.0026344251159361154,0.002640071824633311,0.002642621523703108,0.0026886713253664552,0.00272663101346243,0.0027323250827389106,0.0027527608818101144,0.002759777561819932,0.0027661558818476914,0.0027830031435496323,0.002801021984079298,0.0028030198306682854,0.0028543219325759075,0.002856017818404524,0.0028988785801360283,0.0029047431175145627,0.002928396324525291,0.0029284750510552146,0.002932666400500542,0.0029787415171696175,0.002992345406152501,0.003009083550095078,0.0030146530684433365,0.0030343375567491913,0.0030764599489548185,0.0030774662859620813,0.0030818930205352363,0.003109032476003898,0.0031183368330645724,0.003147596044073675,0.003199130252626477,0.0032582361040404866,0.0032784189206591444,0.0033063873653483384,0.003453129829066657,0.0034570493134528403,0.0034610579426799645,0.003469594949835094,0.0034952580682616574,0.003511902098237058,0.0035662898169878123,0.003600521870502229,0.003694757534354192,0.0037079981670130736,0.003748670263718149,0.0038123409829557164,0.0038350195965603114,0.0038999648614673112,0.004017173095910452,0.004036893307718293,0.004083740860431508,0.0040933966126961195,0.00409844976683524,0.004106678802383549,0.004115997581873343,0.004164556633886095,0.004270953913023592,0.004278259349834712,0.004289726158949103,0.00431102567222269,0.004324125509713001,0.0043291626258716446,0.0043640686000783,0.004371339893730949,0.004405572391157111,0.004448854894035586,0.004491587434913555,0.004591974858170211,0.00470308810859232,0.004759696109701076,0.004773305021315964,0.0050857492807387765,0.005146028487003907,0.0051559880824558636,0.0054887390430430625,0.005572106016203468,0.0057111763226219935,0.00571582247282843,0.005809001716651185,0.005967922256405037,0.005990561841270567,0.006092206415402456,0.007154060390268318,0.016664495920535472,4.000035564202409,4.002181475096013,4.002568273776256,4.003714173774977,4.007443196076292,4.010963512770862,7.999758201498478,7.999999936310584,8.000143096088745,8.000206410437478,8.000370984933415,
InputMatrix1,1.0,1.0,1.0,1.0,1.0,1.0,1.0,1.0,1.0,1.0,1.0,1.0,1.0,1.0,1.0,1.0,1.0,1.0,1.0,1.0,1.0,1.0,1.0,1.0,1.0,1.0,1.0,1.0,1.0,1.0,1.0,1.0,1.0,1.0,1.0,1.0,1.0,1.0,1.0,1.0,1.0,1.0,1.0,1.0,1.0,1.0,1.0,1.0,1.0,1.0,1.0,1.0,1.0,1.0,1.0,1.0,1.0,1.0,1.0,1.0,1.0,1.0,1.0,1.0,1.0,1.0,1.0,1.0,1.0,1.0,1.0,1.0,1.0,1.0,1.0,1.0,1.0,1.0,1.0,1.0,1.0,1.0,1.0,1.0,1.0,1.0,1.0,1.0,1.0,1.0,1.0,1.0,1.0,1.0,1.0,1.0,1.0,1.0,1.0,1.0,1.0,1.0,1.0,1.0,1.0,1.0,1.0,1.0,1.0,1.0,1.0,1.0,1.0,1.0,1.0,1.0,1.0,1.0,1.0,1.0,1.0,1.0,1.0,1.0,1.0,1.0,1.0,1.0,1.0,1.0,1.0,1.0,1.0,1.0,1.0,1.0,1.0,1.0,1.0,1.0,1.0,1.0,1.0,1.0,1.0,1.0,1.0,1.0,1.0,1.0,1.0,1.0,1.0,1.0,1.0,1.0,1.0,1.0,1.0,1.0,1.0,1.0,1.0,1.0,1.0,1.0,1.0,1.0,1.0,1.0,1.0,1.0,1.0,1.0,1.0,1.0,1.0,1.0,1.0,1.0,1.0,1.0,1.0,1.0,1.0,1.0,1.0,1.0,1.0,1.0,1.0,1.0,1.0,1.0,1.0,1.0,1.0,1.0,1.0,1.0,1.0,1.0,1.0,1.0,1.0,1.0,1.0,1.0,1.0,1.0,1.0,1.0,1.0,1.0,1.0,1.0,1.0,1.0,1.0,1.0,1.0,1.0,1.0,1.0,1.0,1.0,1.0,1.0,1.0,1.0,1.0,1.0,1.0,1.0,1.0,1.0,1.0,1.0,1.0,1.0,1.0,1.0,1.0,1.0,1.0,1.0,1.0,1.0,1.0,1.0,1.0,1.0,1.0,1.0,1.0,1.0,1.0,1.0,1.0,1.0,1.0,1.0,1.0,1.0,1.0,1.0,1.0,1.0,1.0,1.0,1.0,1.0,1.0,1.0,1.0,1.0,1.0,1.0,1.0,1.0,1.0,1.0,1.0,1.0,1.0,1.0,1.0,1.0,1.0,1.0,1.0,1.0,1.0,1.0,1.0,1.0,1.0,1.0,1.0,1.0,1.0,1.0,1.0,1.0,1.0,1.0,1.0,1.0,1.0,1.0,1.0,1.0,1.0,1.0,1.0,1.0,1.0,1.0,1.0,1.0,1.0,1.0,1.0,1.0,1.0,1.0,1.0,1.0,1.0,1.0,1.0,1.0,1.0,1.0,1.0,1.0,1.0,1.0,1.0,1.0,1.0,1.0,1.0,1.0,1.0,1.0,1.0,1.0,1.0,1.0,1.0,1.0,1.0,1.0,1.0,1.0,1.0,1.0,1.0,1.0,1.0,1.0,1.0,1.0,1.0,1.0,1.0,1.0,1.0,1.0,1.0,1.0,1.0,1.0,1.0,1.0,1.0,1.0,1.0,1.0,1.0,1.0,1.0,1.0,1.0,1.0,1.0,1.0,1.0,1.0,1.0,1.0,1.0,1.0,1.0,1.0,1.0,1.0,1.0,1.0,1.0,1.0,1.0,1.0,1.0,1.0,1.0,1.0,1.0,1.0,1.0,1.0,1.0,1.0,1.0,1.0,1.0,1.0,1.0,1.0,1.0,1.0,1.0,1.0,1.0,1.0,1.0,1.0,1.0,1.0,1.0,1.0,1.0,1.0,1.0,1.0,1.0,1.0,1.0,1.0,1.0,1.0,1.0,1.0,1.0,1.0,1.0,1.0,1.0,1.0,1.0,1.0,1.0,1.0,1.0,1.0,1.0,1.0,1.0,1.0,1.0,1.0,1.0,1.0,1.0,1.0,1.0,1.0,1.0,1.0,1.0,1.0,1.0,1.0,1.0,1.0,1.0,1.0,1.0,1.0,1.0,1.0,1.0,1.0,1.0,1.0,1.0,1.0,1.0,1.0,1.0,1.0,1.0,1.0,1.0,1.0,1.0,1.0,1.0,1.0,1.0,1.0,1.0,1.0,1.0,1.0,1.0,1.0,1.0,1.0,1.0,1.0,1.0,1.0,1.0,1.0,1.0,1.0,1.0,1.0,1.0,1.0,1.0,1.0,1.0,1.0,1.0,1.0,1.0,1.0,1.0,1.0,1.0,1.0,1.0,1.0,1.0,1.0,1.0,1.0,1.0,1.0,1.0,1.0,1.0,1.0,1.0,1.0,1.0,1.0,1.0,1.0,1.0,1.0,1.0,1.0,1.0,1.0,1.0,1.0,
InputMatrix2,0.22,0.39,-0.67,0.0,0.06,-0.22,-0.17,-0.06,-0.56,-0.39,0.06,-0.06,-0.11,0.06,0.0,0.17,0.06,0.28,-0.5,0.11,0.06,0.06,0.28,0.22,0.17,0.28,0.0,-0.11,-0.06,0.11,0.06,0.0,0.0,-0.44,-0.11,-0.28,0.06,0.0,0.28,-0.22,0.06,0.28,-0.06,0.11,0.0,-0.22,-0.17,0.22,0.17,0.06,-0.17,-0.11,0.28,0.0,-0.56,0.06,0.28,0.22,0.0,0.06,0.11,0.06,0.17,0.0,0.17,0.22,0.11,0.06,-0.17,0.06,0.44,-0.11,0.17,0.0,0.11,-0.5,0.22,-0.17,-0.22,-0.39,0.11,-0.28,-0.17,0.28,-0.06,0.33,-0.11,-0.22,-0.11,0.22,0.22,-0.28,-0.17,0.5,0.06,0.0,-0.33,-0.5,0.44,0.22,0.06,0.0,0.22,0.0,0.06,-0.28,-0.22,0.11,-0.33,0.22,0.0,0.17,-0.11,0.06,0.28,0.17,0.0,-0.11,0.06,0.56,0.11,-0.33,-0.06,0.22,-0.28,-0.06,0.11,0.22,0.17,-0.06,-0.06,-0.17,-0.22,-0.5,0.06,-0.22,-0.11,0.0,-0.22,0.0,-0.11,-0.17,0.0,0.11,0.11,0.06,-0.28,0.28,-0.11,0.0,0.28,0.11,0.28,0.11,0.39,-0.11,0.0,0.06,-0.5,-0.06,0.11,-0.61,-0.28,-0.11,-0.22,0.22,-0.11,-0.11,0.06,0.44,0.17,-0.17,0.56,-0.22,-0.28,0.17,0.11,-0.06,0.11,-0.11,0.11,0.0,0.11,-0.06,0.06,0.0,-0.22,0.11,-0.39,-0.06,0.06,-0.56,0.17,-0.28,-0.22,0.28,-0.39,0.61,0.06,-0.22,0.22,0.39,0.17,-0.22,0.44,-0.33,-0.56,0.17,0.33,-0.06,0.0,-0.11,-0.06,0.0,0.44,-0.11,-0.06,0.0,0.17,0.11,-0.17,0.22,0.22,-0.5,0.17,0.28,0.17,0.0,-0.33,-0.22,-0.06,-0.17,0.0,0.0,0.11,0.06,-0.22,-0.06,-0.11,-0.06,0.0,0.17,-0.28,-0.28,-0.28,-0.28,0.11,0.17,-0.39,0.11,-0.28,-0.28,-0.11,-0.33,0.61,0.06,0.22,0.06,-0.17,0.0,0.22,-0.06,-0.33,-0.22,-0.33,-0.22,0.0,-0.17,-0.11,-0.17,-0.33,-0.17,0.22,0.67,-0.17,-0.33,0.0,0.5,-0.11,0.11,-0.06,0.17,-0.39,-0.33,0.06,0.06,-0.33,0.06,-0.5,0.06,-0.17,-0.17,0.28,-0.11,0.06,-0.11,0.0,0.06,-0.17,0.11,0.06,0.22,-0.17,0.17,-0.17,0.06,-0.44,-0.11,0.33,-0.22,0.17,0.11,-0.11,-0.11,0.17,0.11,0.44,0.06,0.17,-0.22,-0.06,0.06,-0.28,-0.28,-0.06,-0.39,0.0,0.0,0.0,0.0,0.17,0.17,0.44,-0.28,-0.33,0.0,0.11,-0.06,-0.11,0.0,0.22,0.0,-0.22,0.39,0.22,-0.06,0.11,0.0,0.28,-0.06,0.11,0.33,0.0,0.56,0.11,0.0,0.06,-0.28,-0.06,-0.33,0.0,0.0,0.0,0.5,-0.17,0.17,0.56,0.11,-0.06,0.06,-0.06,-0.11,0.17,0.06,0.0,-0.28,-0.44,-0.11,0.17,-0.22,-0.22,0.28,0.0,0.17,-0.06,-0.06,-0.22,-0.22,0.11,0.5,0.06,0.5,0.17,0.5,0.72,-0.11,0.11,-0.11,-0.33,0.17,0.0,-0.28,0.11,-0.11,-0.22,-0.06,0.28,0.06,0.0,-0.06,0.39,0.06,-0.17,0.06,0.28,-0.44,0.0,0.06,-0.06,-0.11,0.17,0.17,0.17,0.11,0.33,0.5,-0.28,-0.06,-0.06,0.06,0.06,0.17,0.0,0.06,-0.17,-0.17,0.22,-0.11,0.11,0.11,-0.17,0.22,0.5,0.11,-0.06,0.0,0.22,0.0,0.39,-0.06,-0.33,-0.11,-0.11,0.22,0.22,-0.11,-0.33,0.44,0.06,-0.22,0.5,-0.11,0.17,-0.17,0.17,-0.67,0.0,0.0,-0.17,0.06,0.33,0.06,0.22,0.33,0.22,-0.5,0.17,0.11,-0.22,0.0,0.0,-0.56,-0.17,-0.17,-0.11,-0.28,0.06,-0.06,0.06,-0.06,-0.06,0.33,-0.06,0.22,0.22,-0.22,-0.11,0.0,0.0,0.11,-0.11,-0.33,-0.33,-0.11,0.11,-0.33,-0.44,0.06,0.06,0.22,0.06,0.11,-0.33,0.0,-0.22,0.06,-0.06,-0.11,-0.11,0.11,-0.39,0.33,0.33,-0.06,-0.28,-0.06,0.28,0.72,0.22,-0.56,-0.06,0.17,-0.17,0.11,0.39,0.61,-0.11,-0.11,0.22,-0.44,-0.11,0.11,-0.39,0.17,0.06,0.22,0.17,0.5,-0.39,-0.06,-0.33,0.11,0.44,-0.06,-0.33,0.11,-0.17,-0.22,0.33,0.17,
InputMatrix3,1.0,0.33,-0.07,-0.2,-0.73,-0.33,0.33,-0.6,-0.2,-0.47,-0.2,-0.07,-0.33,-0.33,-0.07,-0.07,0.07,0.73,-0.07,0.07,0.6,-0.87,-0.47,-0.07,0.6,0.07,-0.33,-0.47,-0.33,0.07,-0.33,0.07,-0.2,-0.47,0.6,-0.33,0.47,0.6,0.33,0.07,-0.07,-0.2,-0.47,-0.07,0.2,0.07,-1.0,0.73,0.2,0.2,0.07,-0.2,-0.2,-0.47,-0.07,0.33,0.33,-0.47,-0.73,-0.47,0.07,-0.07,-0.2,-0.47,0.33,-1.0,0.33,-0.2,-0.47,0.2,0.47,-0.47,0.33,-0.73,0.2,-0.2,-0.07,-0.47,-0.2,0.07,0.47,-1.0,-0.47,-0.07,0.07,0.73,0.2,-0.07,-0.73,0.73,0.73,-0.2,-0.33,0.33,-0.33,-0.2,-0.6,-0.47,0.33,-0.87,0.07,0.2,0.07,-0.47,0.07,-0.2,-0.33,-0.47,-0.2,0.2,-0.2,0.33,-0.33,0.33,-0.2,0.47,0.2,-0.73,-0.2,0.07,-0.2,-0.2,-0.33,-0.2,-0.07,-0.73,0.2,-0.07,-0.47,-0.07,0.2,-0.47,-0.47,-0.47,0.33,0.07,0.47,0.33,-0.6,0.07,-0.07,-0.07,0.33,-0.47,-0.6,-0.33,-0.6,0.47,-0.6,0.07,-0.33,0.6,0.33,-0.2,-0.2,0.2,-0.07,0.2,-0.6,-0.33,-0.47,0.2,-0.2,0.47,0.33,-0.07,-0.07,-0.47,-0.2,0.07,0.33,-0.47,0.73,-0.73,-0.07,-0.07,-0.07,-0.07,-0.2,-1.0,0.33,-0.47,0.07,0.2,-0.07,0.07,-0.6,0.2,-0.87,0.6,-0.47,-0.33,-0.6,0.33,0.33,0.33,0.07,-0.33,-0.2,-0.47,0.33,0.6,0.33,0.07,-0.2,-0.2,-0.6,-0.6,0.07,0.33,-0.73,-0.07,-0.47,-0.47,0.07,0.07,-0.87,-0.07,1.0,0.07,0.2,-0.33,0.07,-0.6,-0.33,0.33,0.2,-0.33,-0.87,0.73,-0.33,-0.2,-0.07,0.07,0.2,-0.47,-0.47,-0.47,-0.33,-0.87,-0.33,-0.33,-0.33,-0.73,-0.07,-0.47,-0.6,0.2,0.2,0.47,-0.2,-0.47,-0.47,0.73,0.6,0.2,0.6,0.33,-0.33,0.2,1.0,-0.33,-0.33,0.33,0.2,-0.6,0.07,-0.2,-0.07,-0.47,0.33,0.07,-0.47,0.07,-0.6,0.73,-0.07,1.0,0.47,0.33,-0.73,-0.07,0.2,-0.2,0.07,-0.33,0.07,-0.2,-0.2,-0.2,0.6,0.07,0.07,-0.6,-0.2,-0.47,0.07,0.2,-0.07,0.2,-0.33,-0.07,-1.0,0.47,-0.47,-0.2,-0.33,-0.73,0.47,-0.2,-1.0,0.73,-1.0,-0.2,-0.07,0.33,0.2,-0.6,0.07,0.07,-0.87,-0.07,0.07,0.6,-0.33,0.33,0.6,0.07,0.07,-0.33,0.07,0.33,-0.2,-0.33,0.33,-0.47,0.07,-0.2,0.33,0.2,-0.2,-0.33,-0.33,0.07,0.73,0.47,0.07,-0.47,-0.47,-0.07,-0.33,0.47,0.33,-0.07,0.2,-0.2,-0.33,-0.47,0.33,-0.47,0.33,-0.47,0.33,0.2,-0.2,0.73,0.07,0.73,-0.73,0.07,-0.2,-0.47,-0.47,-0.2,-0.33,-0.2,-0.47,0.33,-0.07,-0.6,0.2,-0.2,-0.6,-0.07,-0.47,0.07,-0.2,-0.33,-0.47,0.2,-0.6,0.73,0.07,0.73,-0.2,0.33,-0.2,-0.07,-0.47,-0.47,-0.2,-0.07,0.6,-0.07,0.2,-0.47,0.47,-0.07,-0.33,-0.2,-0.33,-0.47,-0.2,0.07,0.47,-0.47,-0.47,-0.2,-0.47,-0.47,-0.2,0.6,-0.07,0.33,0.2,-0.07,-0.87,0.2,-0.47,0.2,0.2,0.2,-0.33,0.33,-0.33,0.2,0.07,-0.07,-0.2,0.33,0.2,-0.2,-0.2,0.2,-0.2,0.73,-0.07,-0.2,0.6,-0.73,-0.07,-0.2,-0.73,0.33,0.07,-0.33,-0.07,0.6,-0.07,-0.87,0.2,-0.33,0.73,-0.87,-0.2,-0.33,-0.47,-0.6,0.2,0.07,0.33,-0.07,-0.47,-0.33,-0.33,-0.6,0.73,-0.07,-1.0,-0.2,0.2,0.2,0.33,0.07,-0.07,-0.07,-0.07,-0.2,-0.47,-0.07,-0.2,0.33,0.47,0.47,-0.07,-0.2,0.2,-0.6,-0.2,0.07,-0.07,0.2,-0.47,0.07,-0.2,0.07,-0.2,0.07,-0.6,0.07,0.73,0.2,-0.33,-0.47,-0.33,0.2,0.33,-0.6,-0.07,0.47,-0.6,0.2,0.33,-0.6,-0.2,-0.33,0.47,0.33,0.07,-0.6,0.47,-0.2,-0.47,0.07,0.47,-0.07,0.2,-1.0,-0.87,-0.6,-0.2,-0.47,-0.2,-0.6,-0.07,0.73,0.33,-0.33,-0.07,-0.2,0.07,0.07,0.6,-0.73,-0.2,0.73,-0.73,-0.73,-0.47,0.07,
InputMatrix4,1.0,-0.2,-0.33,-0.2,-0.73,-0.2,0.2,-0.6,-0.2,-0.33,-0.47,-0.33,-0.2,-0.33,-0.2,0.2,-0.07,-0.33,-0.2,0.2,0.33,-0.6,-0.47,-0.2,-0.2,0.07,-0.2,-0.73,-0.07,-0.07,-0.33,-0.2,-0.47,-0.07,0.07,-0.07,-0.33,0.33,-0.33,-0.2,-0.07,-0.33,-0.2,-0.47,0.47,-0.07,-0.6,-0.07,0.2,-0.2,-0.2,-0.2,-0.2,-0.6,0.07,-0.2,-0.07,-0.6,0.07,-0.33,0.07,-0.47,0.07,-0.33,0.47,-0.6,0.07,-0.33,0.2,-0.07,0.07,-0.6,-0.33,-0.73,0.2,-0.6,0.33,-0.2,-0.2,-0.2,0.2,-1.0,0.07,0.07,0.07,-0.07,0.33,-0.2,-0.87,0.73,0.87,-0.2,-0.6,0.2,-0.73,-0.2,-0.6,-0.6,0.33,-0.6,-0.07,-0.2,-0.07,-0.47,-0.2,-0.47,-0.73,-0.73,-0.07,-0.07,0.2,-0.07,-0.33,0.2,-0.47,-0.2,0.33,-0.2,0.07,-0.33,-0.07,-0.47,-0.47,-0.33,-0.07,-0.73,0.47,-0.07,-0.33,0.07,-0.33,-0.6,-0.07,-0.47,-0.47,-0.07,0.47,0.2,-0.73,0.07,-0.47,-0.47,0.33,-0.6,-0.87,-0.2,-0.47,-0.2,-0.2,-0.07,-0.6,0.33,0.33,-0.33,-0.33,-0.2,0.07,-0.33,-0.2,-0.47,-0.6,-0.07,-0.33,0.2,0.2,0.33,0.33,-0.33,-0.2,0.2,-0.07,-0.2,0.2,-0.07,0.2,-0.33,-0.2,-0.07,0.07,-1.0,0.47,-0.47,-0.33,0.33,-0.07,-0.2,-0.47,-0.07,-0.47,0.2,-0.33,-0.47,-0.6,0.07,0.33,0.07,-0.33,-0.07,-0.2,-0.33,-0.2,0.2,-0.33,-0.2,-0.07,-0.2,-0.73,-1.0,-0.33,0.2,-0.6,-0.2,-0.6,0.2,-0.2,0.33,-0.6,0.2,1.0,-0.07,0.33,-0.07,-0.07,-0.47,-0.2,-0.07,0.2,-0.2,-0.73,0.33,-0.47,-0.07,0.07,0.07,-0.2,-0.33,-0.73,-0.33,-0.6,-0.47,-0.2,-0.2,-0.6,-0.73,0.07,-0.07,-0.6,-0.33,0.33,-0.47,-0.33,-0.6,-0.6,-0.2,0.33,0.07,0.2,0.07,-0.47,0.33,0.87,-0.33,-0.33,0.6,-0.2,-0.2,-0.07,-0.07,-0.33,-0.6,-0.07,0.2,-0.87,0.47,-0.87,-0.07,-0.6,0.07,0.33,0.33,-0.6,-0.07,-0.47,-0.2,0.07,-0.6,0.2,-0.2,-0.2,-0.33,-0.07,0.07,-0.6,-0.6,-0.07,-0.47,0.07,-0.2,-0.07,0.2,-0.33,0.07,-0.6,-0.47,-0.6,0.07,-0.33,-0.47,0.2,-0.2,-0.6,0.07,-0.6,0.07,0.07,0.07,-0.07,0.07,0.07,-0.2,-0.87,-0.07,-0.33,0.2,-0.33,-0.2,0.33,0.07,0.07,0.2,-0.2,0.07,-0.33,-0.6,-0.07,-0.33,0.07,-0.07,-0.07,0.73,-0.33,-0.33,-0.6,-0.47,0.07,0.07,-0.2,0.07,-0.33,-0.07,-0.47,0.07,0.33,-0.47,-0.33,-0.2,-0.47,-0.33,-0.2,-0.2,-0.07,-0.33,0.33,-0.07,-0.47,0.47,-0.33,0.6,-0.73,-0.33,-0.07,-0.33,-0.6,-0.47,-0.2,-0.07,-0.47,0.33,-0.07,-0.73,0.33,-0.07,-0.47,-0.2,-0.33,0.07,-0.07,-0.33,-0.33,-0.07,-0.6,0.07,-0.07,0.33,-0.07,-0.07,-0.47,-0.47,-0.87,-0.6,-0.47,0.33,0.2,-0.2,-0.2,-0.47,-0.2,-0.2,-0.33,-0.33,-0.47,-0.6,-0.2,-0.07,-0.47,-0.33,-0.47,0.33,-0.47,-0.6,-0.47,0.6,-0.33,0.07,0.2,-0.07,-1.0,-0.47,-0.47,0.07,0.2,-0.2,-0.33,0.2,-0.6,-0.2,0.33,-0.07,-0.07,-0.07,-0.6,-0.07,-0.07,-0.2,-0.33,0.87,-0.07,-0.07,-0.07,-0.73,0.07,-0.2,-0.73,0.07,-0.47,-0.33,0.07,-0.07,0.07,-1.0,0.2,-0.33,-0.2,-0.2,-0.2,-0.47,-0.33,-0.6,0.07,-0.2,0.07,-0.07,-0.47,-0.33,-0.2,-0.2,0.6,-0.07,-0.33,-0.2,0.2,-0.2,0.47,0.33,-0.47,0.2,-0.07,-0.07,-0.33,-0.07,0.33,0.2,0.2,-0.33,0.2,0.07,-0.07,-0.47,-0.47,-0.2,0.07,-0.47,-0.33,-0.33,-0.33,-0.07,0.07,-0.6,-0.6,-0.47,0.2,-0.2,-0.33,-0.6,-0.73,0.07,-0.07,-0.33,-0.07,0.07,-0.47,-0.07,0.07,-0.6,0.33,-0.47,0.2,0.73,0.2,-0.33,0.2,0.07,-0.47,-0.2,0.2,0.07,-0.33,-0.73,-0.73,-0.33,0.07,-0.07,-0.33,-0.47,0.33,0.33,-0.07,-0.6,-0.33,-0.47,-0.07,-0.2,-0.07,-0.87,-0.33,0.33,-0.6,-0.07,-0.47,-0.07,
InputMatrix5,0.33,0.47,0.33,0.33,0.2,0.2,0.47,0.07,0.2,-0.07,0.07,0.33,0.2,0.2,0.33,0.07,0.07,1.0,0.07,-0.07,0.6,-0.2,0.2,0.2,0.87,0.33,0.2,0.2,0.07,0.07,-0.47,0.2,0.47,-0.33,0.47,-0.33,0.73,0.33,0.87,0.6,-0.07,0.07,-0.07,0.47,0.07,0.2,-0.6,0.73,0.07,0.87,0.6,0.2,-0.2,-0.07,0.07,0.47,0.33,-0.07,-0.6,-0.47,-0.07,0.33,0.2,0.2,-0.2,-0.33,0.2,0.07,-0.47,0.47,0.33,0.33,0.6,0.07,-0.07,0.33,0.07,0.07,0.07,0.07,0.6,-0.07,-0.73,0.07,0.2,0.6,0.2,0.33,0.33,0.33,-0.07,0.07,0.6,0.2,0.6,-0.07,-0.33,-0.2,0.07,-0.07,0.07,0.6,0.47,-0.33,0.07,0.33,0.33,-0.07,0.33,0.2,-0.2,0.47,-0.07,0.07,0.2,0.87,-0.07,-0.33,-0.2,0.73,-0.07,0.47,0.6,0.07,0.33,-0.07,0.33,0.33,-0.2,-0.33,0.73,0.33,0.07,-0.2,0.73,0.6,0.47,0.2,-0.47,-0.07,0.73,0.2,0.2,-0.07,0.33,0.2,-0.47,0.6,-0.47,0.2,0.2,0.2,0.47,0.07,0.07,-0.2,0.07,0.73,-0.87,0.33,-0.2,0.33,-0.33,0.6,0.47,-0.07,-0.07,-0.2,0.07,-0.07,0.2,-0.2,0.87,-0.73,0.07,0.47,0.2,-0.07,-0.07,0.07,-0.2,-0.07,0.47,0.07,0.33,0.33,-0.2,0.47,-0.33,0.47,-0.2,0.2,0.33,0.6,0.6,0.6,0.2,0.33,-0.2,-0.07,0.6,0.47,0.73,0.47,0.07,-0.07,-0.33,0.47,0.47,0.07,-0.2,0.47,0.07,-0.6,0.33,-0.07,0.07,0.07,0.33,0.6,0.2,0.33,0.33,-0.07,-0.07,0.47,0.07,-0.33,-0.47,0.87,0.2,-0.73,-0.2,0.47,0.2,0.07,0.2,-0.07,0.47,-0.33,0.2,0.33,0.33,-0.2,-0.33,-0.33,0.2,0.47,0.07,0.87,-0.07,0.07,0.2,0.73,0.6,0.2,0.47,0.6,0.47,0.07,0.33,-0.2,0.2,-0.33,0.2,-0.47,0.33,-0.47,0.2,-0.2,0.47,-0.2,0.6,0.07,0.2,0.6,0.6,0.73,0.2,0.33,-0.47,0.2,0.47,0.47,0.73,0.47,0.07,0.33,0.07,0.33,0.73,0.6,0.87,0.33,-0.47,0.07,0.2,0.47,-0.2,0.2,0.2,0.33,-0.73,1.0,-0.07,-0.2,-0.2,-0.2,0.33,0.2,-0.47,0.6,-0.73,-0.07,0.07,0.07,0.33,-0.6,0.33,0.2,0.2,-0.2,0.6,0.87,0.2,0.47,0.2,0.2,0.33,-0.73,0.33,0.73,0.33,0.33,0.73,0.33,0.07,-0.87,0.6,-0.47,0.33,-0.07,0.2,0.6,0.6,0.73,0.33,-0.07,-0.47,0.07,0.47,0.6,0.47,0.73,0.6,0.2,0.2,0.2,0.6,-0.07,0.47,-0.07,0.33,0.33,0.47,0.73,0.73,0.6,0.2,0.6,-0.47,0.2,-0.07,-0.2,-0.47,0.07,-0.2,0.33,0.33,-0.07,-0.2,-0.07,-0.2,0.33,-0.47,0.07,-0.2,0.33,0.07,0.47,0.2,0.6,0.6,0.73,0.07,0.33,0.33,0.2,0.73,0.33,0.33,-0.07,0.73,0.2,0.73,-0.07,0.73,-0.07,-0.07,0.33,0.47,-0.07,-0.2,0.33,0.87,-0.73,0.07,-0.47,-0.07,0.07,0.6,0.33,0.2,0.6,0.33,0.33,0.2,0.73,0.33,0.47,0.33,0.2,0.2,0.07,0.47,0.6,0.2,0.2,0.07,0.47,0.73,-0.07,0.33,0.73,-0.2,0.47,0.2,-0.2,0.6,0.07,0.07,-0.73,0.2,0.33,0.73,-0.07,-0.33,0.6,-0.2,0.2,0.2,-0.2,0.87,-0.47,-0.33,0.6,0.33,0.33,0.47,0.47,0.73,0.07,-0.2,0.6,0.33,-1.0,0.73,-0.47,-0.47,-0.2,0.47,0.33,0.2,0.07,0.6,-0.47,-0.07,-0.33,-0.33,0.2,-0.33,0.33,0.73,1.0,-0.07,-0.2,0.2,-0.73,0.47,0.33,-0.47,0.73,-0.07,0.6,0.33,0.07,-0.33,0.73,0.2,0.6,0.87,0.2,-0.07,0.2,0.33,0.33,0.6,-0.87,0.07,0.6,-0.07,0.33,0.6,-0.07,-0.33,0.2,0.33,-0.07,0.33,-1.0,0.73,-0.47,-0.07,0.6,0.47,0.2,0.33,-0.2,-0.47,-0.2,-0.07,-0.2,-0.07,-0.33,-0.07,0.73,0.33,0.47,0.33,0.33,0.07,0.47,0.6,0.07,0.2,0.33,0.07,-0.73,-0.07,0.2,
InputMatrix6,1.0,0.79,-0.16,0.47,0.05,-0.89,0.47,-0.68,-0.79,-0.68,-0.05,0.16,-0.26,-0.37,-0.79,0.37,0.68,0.89,-0.89,0.37,0.79,0.16,0.68,0.05,0.68,0.47,-0.79,0.16,0.47,0.89,-0.68,-0.68,-0.05,-0.89,0.68,-0.89,0.89,0.37,0.37,0.16,0.47,0.68,0.26,-0.37,0.68,-0.16,-1.0,0.89,0.68,-0.05,0.26,0.26,0.37,-0.37,-0.79,0.26,-0.05,0.05,-0.47,0.26,0.79,0.58,0.37,-0.79,-0.16,0.47,0.58,0.47,-0.58,0.79,1.0,-0.58,-0.16,-0.58,0.16,-0.79,0.37,-0.68,0.47,-0.68,0.58,-1.0,-1.0,0.26,-0.79,0.89,0.47,0.16,-0.68,1.0,0.05,-0.68,-0.58,1.0,0.26,-0.05,-1.0,-0.16,1.0,0.68,0.68,0.79,0.05,-0.89,0.47,-0.47,-0.37,-0.58,-0.26,0.26,0.58,0.58,-0.68,0.89,-0.26,0.58,0.58,-0.37,0.05,0.05,0.58,-0.26,0.26,-0.26,-0.26,-0.58,0.68,0.47,-0.37,-0.89,0.58,-0.58,-0.47,-0.89,0.79,0.47,0.26,-0.26,-1.0,-0.68,-0.05,-0.26,-0.68,-0.26,-0.47,0.26,-1.0,0.89,-1.0,0.05,0.16,0.68,1.0,-0.05,0.05,-0.05,0.26,0.05,-0.68,-0.37,0.16,0.05,-1.0,-0.05,0.68,-0.26,-0.26,-1.0,-0.58,1.0,0.89,-0.89,0.68,-0.47,-0.47,0.16,0.37,-0.05,1.0,-0.89,1.0,-0.58,0.68,0.68,-0.58,0.79,-1.0,0.05,-1.0,0.68,0.16,-0.89,-0.37,0.58,0.58,0.79,-0.05,0.89,0.47,-1.0,0.79,1.0,1.0,-0.16,0.89,-0.58,-1.0,-0.47,0.37,0.58,-0.47,-0.58,-0.79,-0.68,0.79,-0.89,-0.89,0.26,1.0,0.26,0.58,0.05,0.26,-1.0,-0.47,0.68,1.0,-0.16,-0.16,0.68,-0.79,-0.26,-0.47,0.58,0.58,0.68,-0.47,-0.47,-0.47,0.37,-0.79,0.47,-0.68,-0.05,-0.26,-0.16,0.37,0.58,-0.68,0.58,0.05,-0.26,-0.58,0.05,0.68,0.37,0.68,0.89,0.16,0.68,1.0,-0.68,-0.47,-0.05,0.16,-1.0,0.16,-1.0,-0.37,0.16,0.05,-0.37,-0.47,0.89,-0.89,-0.05,0.37,1.0,0.16,0.68,-0.79,-0.37,0.05,-0.47,0.89,0.58,-0.79,-0.26,-0.79,-0.05,0.47,0.16,0.79,-0.68,-0.68,-0.16,-0.16,0.89,-0.05,0.16,-0.05,-0.16,-1.0,0.89,-0.26,0.16,-0.26,-1.0,1.0,-0.68,0.37,1.0,-1.0,-0.05,-0.26,0.16,-0.05,-0.37,0.26,0.26,-1.0,-0.16,0.58,0.68,0.05,0.05,0.68,0.47,-0.37,-0.37,0.05,0.79,0.79,-0.16,-0.05,0.37,0.58,-0.89,0.26,0.68,-0.37,0.16,0.16,1.0,0.89,-0.16,0.05,-0.47,-0.37,0.16,0.05,0.68,0.68,0.89,0.68,0.37,-0.58,-0.79,0.68,-1.0,0.79,-0.16,0.47,-0.16,-0.37,0.89,0.89,0.79,-0.58,0.58,0.58,-0.89,0.05,-0.16,0.26,-0.79,-0.79,0.05,-0.16,-1.0,-0.26,0.58,0.58,0.16,-0.47,0.89,-0.47,-0.58,-0.05,0.89,-0.26,1.0,0.79,0.58,0.79,0.37,0.37,-0.05,-0.47,0.47,-0.58,0.05,1.0,0.05,-0.16,-0.79,0.89,0.68,-0.58,-0.68,0.58,-0.37,-0.05,0.47,0.16,-0.68,-0.58,0.37,0.37,-0.89,0.79,1.0,0.16,1.0,0.58,0.79,-0.89,0.05,-0.05,0.68,0.47,0.37,-0.47,0.58,-0.68,-0.26,-0.26,0.37,0.37,0.47,0.37,0.26,0.89,-0.16,0.16,0.58,0.68,-0.79,1.0,0.26,-0.58,-0.89,0.16,0.68,-0.05,-0.68,-0.89,1.0,0.37,-0.79,0.79,-0.26,0.89,-0.89,-0.37,-0.26,0.58,-0.68,0.05,0.58,0.79,-0.16,0.68,0.47,0.58,-0.89,0.79,-0.05,-1.0,0.37,0.47,0.16,0.37,0.37,0.05,-0.89,0.37,-0.79,-0.37,-0.68,0.58,1.0,-0.37,0.89,0.47,-0.16,0.26,-0.68,-0.79,0.37,-0.16,-0.16,-0.47,-0.47,-0.37,-0.68,-0.68,0.58,-0.26,0.58,0.79,-0.37,-0.89,-0.68,-0.05,0.79,-0.47,-0.89,-0.05,-0.05,-1.0,1.0,1.0,-0.68,-0.16,-0.47,1.0,0.89,0.26,-0.89,-0.37,-0.37,-0.89,0.89,1.0,0.68,0.68,-1.0,-0.05,-1.0,-0.89,-0.26,-0.58,-0.37,-0.05,0.79,1.0,-0.16,-0.58,-0.79,-0.68,0.68,1.0,-0.79,-0.68,1.0,-0.58,-0.58,-0.37,0.05,
InputMatrix7,0.67,0.64,-0.79,-0.18,-0.05,-1.0,-0.29,-0.25,-0.69,-0.73,0.33,-0.17,-0.67,0.11,-0.1,0.6,-0.06,0.71,-0.62,0.56,0.07,-0.03,0.39,0.17,1.0,0.24,-0.2,-0.44,-0.24,0.33,-0.05,-0.11,-0.33,-0.69,-0.5,-0.75,0.33,-0.17,0.48,-0.33,0.08,0.33,-0.11,0.1,0.0,-0.38,-0.83,0.33,0.6,0.05,-0.24,-0.5,0.22,-0.11,-0.61,0.17,0.47,0.22,-0.2,0.04,0.5,-0.07,0.13,-0.17,0.17,0.21,0.11,0.11,-0.83,-0.02,0.85,-0.41,0.16,-0.07,0.33,-0.58,0.67,-1.0,-0.48,-0.64,0.08,-0.81,-0.39,0.24,-0.18,0.56,-0.33,-0.29,-0.33,0.52,0.26,-0.67,-0.41,0.46,0.11,-0.11,-0.41,-0.74,0.42,0.33,-0.08,-0.1,0.08,-0.11,0.0,-0.67,-0.71,0.11,-0.51,0.42,-0.07,0.33,-0.44,0.33,0.18,0.25,-0.17,-0.67,0.17,0.53,0.33,-0.46,-0.22,0.12,-0.56,-0.25,0.56,0.19,0.09,-0.22,-0.33,-0.29,-0.56,-0.78,0.33,-0.39,-0.28,-0.07,-0.56,-0.13,-0.43,-0.83,-0.1,0.02,0.0,0.04,-0.38,0.4,-0.47,-0.11,0.4,0.56,0.78,0.33,0.49,-0.5,-0.04,0.0,-0.69,-0.67,0.22,-0.78,-0.63,-0.47,-0.29,0.19,-0.78,-0.27,0.06,0.37,0.6,-0.33,0.64,-0.87,-0.6,0.08,0.04,-0.33,0.09,-0.33,0.56,0.0,0.0,-0.2,0.03,-0.08,-0.33,0.03,-0.72,-0.14,0.05,-0.65,0.07,-0.43,-0.39,0.56,-0.7,0.71,0.08,-0.38,0.43,0.44,0.33,-0.71,0.73,-0.54,-0.69,0.06,0.25,-0.56,-0.14,-0.4,-0.21,0.0,0.67,-0.28,-0.56,-0.03,0.6,0.33,-0.33,0.06,0.11,-0.67,0.13,0.71,0.2,-0.11,-0.54,-0.33,-0.21,-1.0,-0.05,-0.07,0.24,0.0,-0.87,-0.17,-0.33,-0.18,-0.14,0.17,-0.6,-0.5,-0.75,-0.67,0.05,1.0,-0.49,0.14,-0.33,-0.42,-0.78,-0.46,0.67,0.17,0.67,0.33,-0.24,-0.33,0.73,-0.33,-0.47,-0.56,-0.46,-0.87,-0.33,-0.4,-0.24,-0.52,-0.67,-0.52,0.12,0.73,-0.5,-0.47,-0.05,0.51,-0.27,0.5,-0.33,0.2,-0.49,-0.5,-0.05,-0.04,-0.64,0.0,-0.67,0.33,-0.41,-0.25,0.58,-0.78,-0.04,-0.33,-0.11,-0.06,-0.4,0.06,0.0,0.27,-0.83,0.33,-0.41,0.11,-0.72,-0.27,0.39,-0.62,0.14,0.56,-0.78,-1.0,0.17,0.09,0.52,0.11,0.13,-0.38,-0.67,0.07,-0.44,-0.38,-0.24,-0.49,0.0,-0.2,-0.18,-0.07,0.08,0.33,0.59,-0.43,-0.7,-0.15,0.09,-0.16,-0.28,0.0,0.12,-0.07,-0.45,0.83,0.67,-0.17,0.11,-0.04,0.39,-0.33,0.02,0.38,-0.04,0.78,1.0,-0.08,-0.07,-0.89,-0.17,-0.59,-0.06,-0.17,-0.08,0.56,-0.67,0.67,0.69,0.33,-0.21,0.33,-0.22,-0.33,0.13,0.17,-0.04,-0.7,-0.76,-0.23,0.33,-0.58,-0.45,0.56,-0.12,0.17,-0.33,-0.18,-0.58,-0.87,0.09,0.62,0.11,0.51,0.33,0.62,0.69,-0.33,0.24,-0.78,-0.49,0.2,-0.11,-0.48,0.5,-0.33,-0.67,-0.33,0.5,-0.03,-0.17,-0.33,0.56,0.17,-0.6,0.11,0.18,-0.67,-0.16,0.33,-0.16,-0.22,0.25,0.67,0.33,0.56,0.6,0.5,-0.63,-0.25,-0.56,0.33,0.0,0.67,-0.11,0.03,-0.52,-0.48,0.16,-0.47,0.5,0.17,-1.0,0.5,0.76,0.24,-0.33,-0.1,0.5,-0.1,0.44,-0.14,-0.64,-0.21,-0.18,1.0,0.41,-0.67,-0.67,0.48,0.07,-0.58,0.56,-0.44,0.47,-0.73,0.24,-0.76,-0.13,-0.33,-0.29,0.0,0.6,0.0,0.28,0.52,0.27,-0.71,0.47,0.56,-0.78,-0.05,-0.19,-0.76,-0.33,-0.33,-0.28,-0.81,0.03,-0.18,0.0,-0.19,-0.33,0.39,-0.15,0.43,0.17,-0.67,-0.67,-0.11,-0.08,0.33,-0.47,-0.45,-0.59,-0.27,0.11,-0.64,-0.58,0.0,0.0,0.33,0.03,0.15,-0.7,-0.11,-0.38,-0.04,-0.27,-0.24,-0.33,0.17,-0.62,0.47,0.81,-0.2,-0.71,-0.22,0.33,0.75,0.19,-0.73,-0.28,0.13,-1.0,0.06,0.52,0.61,-1.0,-0.43,0.27,-0.64,-0.33,0.24,-0.67,0.07,0.33,0.56,0.26,0.5,-0.57,-0.16,-0.61,0.5,0.48,-0.67,-0.7,1.0,-0.29,-0.78,0.44,0.05,
InputMatrix8,0.22,0.27,-0.54,-0.38,-0.19,-0.67,-0.33,-0.25,-0.51,-0.53,-0.33,0.08,-1.0,-0.33,-0.18,-0.2,-0.44,0.33,-0.33,0.56,-0.2,-0.13,0.15,0.17,0.11,0.07,-0.2,-0.44,-0.38,-0.17,-0.38,-0.39,-0.67,-0.33,-0.17,-0.67,0.0,-0.17,0.11,-0.5,0.0,0.13,-0.17,0.14,0.67,-0.52,-0.67,0.04,0.07,-0.14,-0.24,-0.33,0.1,-0.26,-0.49,-0.33,0.33,-0.06,-0.07,-0.26,0.67,-0.51,-0.08,-0.17,0.25,0.08,0.11,-0.33,-0.33,-0.24,0.41,-0.48,0.16,-0.6,0.07,-0.5,0.11,-0.56,-0.11,-0.49,0.08,-0.43,-0.21,0.02,-0.18,0.11,0.05,-0.29,-0.53,0.05,0.33,-0.53,-0.48,0.12,0.11,-0.33,-0.25,-0.59,0.08,0.13,-0.49,-0.33,0.12,-0.22,-0.2,-0.5,-1.0,0.0,-0.47,0.17,-0.33,-0.05,-0.56,0.56,-0.18,-0.17,-0.33,-0.33,0.17,0.18,0.2,-0.46,0.22,-0.17,-0.56,-0.42,0.33,0.0,0.15,0.0,-0.56,-0.24,-0.04,-0.56,-0.33,-0.22,-0.33,-0.2,-0.41,-0.38,-0.62,-0.67,-0.25,-0.18,-0.19,0.11,-0.21,0.07,-0.33,-0.33,0.07,0.33,0.56,-0.07,0.23,-0.17,0.11,-0.17,-0.47,-0.67,0.11,-0.56,-0.48,-0.47,-0.18,0.05,-0.33,-0.13,0.22,0.06,0.47,-0.17,0.29,-0.33,-0.07,-0.12,0.08,-0.33,-0.09,-0.48,-0.11,-0.33,-0.48,-0.07,0.18,-0.28,-0.16,-0.13,-0.5,-0.14,-0.05,-0.37,-0.2,-0.29,-0.15,0.26,-0.58,0.48,-0.25,-0.18,0.24,0.08,0.0,-0.62,0.4,-0.18,-0.53,-0.1,-0.02,-0.33,-0.33,-0.47,-0.33,0.5,0.28,-0.22,-0.56,-0.09,-0.07,0.33,-0.07,0.06,0.11,-0.5,-0.13,0.14,0.0,-0.22,-0.54,-0.24,-0.45,-0.11,0.14,0.47,-0.24,-0.47,-0.6,0.08,-0.42,-0.49,-0.14,-0.11,-0.53,-0.5,-1.0,-0.42,0.1,-0.33,-0.37,-0.14,-0.33,-0.38,-0.78,-0.29,0.29,-0.33,0.0,-0.56,-0.24,0.0,0.6,-0.33,-0.42,-0.78,-0.38,-0.73,0.0,-0.27,-0.24,-0.43,-0.53,0.05,-0.04,0.47,-0.42,-0.24,0.14,0.11,-0.27,0.67,-0.33,-0.13,-0.41,-0.5,-0.24,-0.26,-0.33,0.17,-0.48,-0.33,-0.41,-0.37,0.17,-1.0,-0.29,-0.25,-0.22,-0.22,-0.27,-0.06,-0.17,-0.03,-0.67,-0.33,-0.33,0.0,-0.56,-0.15,0.06,-0.43,0.02,-0.56,-0.56,-0.67,-0.11,-0.09,0.24,0.11,-0.13,-0.38,-0.67,-0.2,-0.28,-0.29,-0.24,-0.29,-0.11,-0.07,-0.44,0.33,0.13,0.22,0.23,-0.48,-0.48,-0.33,-0.09,-0.11,-0.39,1.0,-0.21,0.0,-0.45,0.33,0.44,-0.17,-0.19,0.26,0.27,-0.33,-0.16,0.19,-0.19,0.39,0.0,-0.08,-0.07,-0.56,-0.25,-0.44,-0.28,-0.33,-0.12,0.2,-1.0,0.33,0.28,0.17,-0.46,-0.11,-0.37,-0.08,-0.13,-0.33,-0.11,-0.56,-0.58,-0.18,0.33,-0.42,-0.64,0.11,-0.46,-0.11,-0.22,-0.29,-0.08,-0.6,-0.21,0.24,-0.33,0.07,0.05,0.29,0.45,-0.33,0.14,-0.56,-0.53,-0.2,-0.26,-0.43,-0.5,-0.4,-0.67,-0.33,0.17,-0.45,-0.33,-0.42,0.28,-0.5,-0.2,0.11,-0.22,-0.48,-0.42,0.56,-0.16,-0.22,-0.33,0.5,0.14,0.56,0.27,0.12,-0.56,-0.5,-0.33,-0.33,0.0,0.67,-0.33,0.09,-0.52,-0.56,0.02,-0.2,-0.17,0.08,-0.56,0.0,0.45,-0.24,-0.33,-0.1,0.08,-0.19,0.13,-0.14,-0.15,-0.17,-0.23,0.0,0.26,-0.67,-0.4,0.05,-0.07,-0.5,0.2,-0.33,-0.2,-0.2,0.24,-0.57,-0.33,-0.33,-0.47,-0.11,0.27,-0.2,0.06,0.21,-0.03,-0.38,0.2,-0.11,-0.33,0.05,-0.38,-0.57,-0.33,-0.33,-0.28,-0.71,0.03,-0.28,-0.2,-0.04,0.56,0.11,-0.15,-0.24,0.08,-0.33,-0.5,-0.38,-0.21,-0.2,-0.33,-0.45,-0.54,-0.33,-0.26,-0.52,-0.46,-0.25,-0.33,-0.11,-0.27,0.27,-0.52,-0.33,-0.38,-0.21,-0.45,-0.19,-0.41,-0.25,-0.48,0.07,0.43,-0.27,-0.33,-0.45,0.09,0.5,-0.05,-0.42,-0.5,0.27,-1.0,-0.17,0.15,0.25,-0.33,-0.33,-0.03,-0.47,-0.05,0.24,-0.22,-0.16,0.56,0.22,-0.04,0.12,-0.24,-0.24,-0.44,0.0,0.1,-0.67,-0.48,1.0,-0.25,-0.22,0.22,0.1,
InputMatrix9,-0.44,-0.22,0.46,-0.38,0.05,0.0,-0.29,-0.08,0.2,0.07,0.56,-0.17,-0.67,0.14,0.14,0.24,-0.5,-0.67,0.54,0.11,-0.27,0.03,-0.52,-0.13,-0.33,-0.29,-0.07,-0.11,-0.29,-0.5,0.29,0.03,-0.67,0.38,0.33,0.17,-0.33,-0.17,-0.13,-0.21,-0.08,-0.54,0.06,0.42,0.17,-0.14,0.2,-0.56,-0.11,-0.52,0.02,0.17,-0.22,0.19,0.14,-0.17,0.45,0.1,0.33,0.11,-0.5,-0.51,-0.33,0.0,-0.26,-0.41,0.09,-0.22,0.67,-0.29,-0.33,0.04,0.42,0.14,0.07,0.12,0.24,0.11,0.33,0.13,0.0,0.24,0.33,-0.25,0.33,-0.53,0.24,0.04,-0.07,-0.52,-0.27,0.13,0.04,-0.5,-0.11,-0.17,0.33,0.49,-0.5,-0.53,-0.54,-0.29,-0.21,0.22,0.0,-0.08,-0.43,-0.25,0.07,-0.04,-0.33,-0.33,0.11,-0.56,0.14,-0.33,-0.29,0.17,-0.17,0.37,-0.33,0.08,-0.11,0.17,0.0,-0.05,-0.56,-0.38,-0.11,0.24,-0.33,-0.07,0.63,0.22,-0.78,0.11,-0.33,-0.33,0.26,0.06,-0.52,0.5,0.11,0.02,0.1,-0.04,0.33,-0.53,0.44,-0.17,0.03,-0.33,-0.42,0.78,0.48,0.83,-0.04,-0.5,0.29,-0.33,0.14,0.47,0.26,-0.33,-0.02,0.07,0.56,0.22,0.52,-0.49,-0.6,0.18,-0.02,0.87,0.67,0.02,-0.08,-0.17,-0.33,-0.04,-0.56,0.56,-0.57,0.07,0.52,-0.23,0.25,0.06,0.22,-0.05,0.05,0.49,0.08,0.05,0.21,-0.27,0.45,-0.29,-0.08,0.19,-0.58,-0.54,-0.42,0.14,-0.39,0.59,0.33,0.0,-0.29,0.11,-0.05,0.0,0.07,0.87,-0.29,0.33,0.11,0.03,-0.47,-0.07,0.27,-0.22,-0.2,0.25,0.05,-0.19,-0.33,0.0,0.13,-0.02,0.03,1.0,0.67,-0.07,-0.22,-0.53,0.47,0.63,0.08,-0.41,0.0,-0.33,-0.07,0.11,-0.25,0.58,0.0,0.33,0.14,-0.33,0.02,0.11,-0.33,0.33,-0.02,-0.17,-0.05,-0.78,0.05,0.0,-0.44,0.24,0.16,-0.26,0.17,0.2,0.0,0.33,-0.1,0.14,0.4,0.81,-0.06,-0.25,0.08,0.42,-0.14,-0.6,0.09,0.17,0.33,0.03,0.14,0.0,-0.38,-0.33,0.33,-0.73,0.24,-0.11,-0.04,-0.25,-0.67,-0.56,0.21,0.08,-0.33,-0.25,0.2,0.06,0.08,0.0,0.33,-0.67,0.19,0.07,0.5,0.22,-0.5,-0.05,-0.41,-0.33,0.33,0.67,0.05,0.09,0.47,0.81,-0.33,-0.25,-0.11,0.07,0.08,-0.04,0.05,0.33,-0.11,-0.07,-0.03,0.81,-0.14,-0.58,-0.29,0.1,0.56,-0.33,0.0,0.54,-0.39,0.33,0.06,0.13,0.03,-0.41,-0.6,-0.11,-0.33,0.67,0.49,0.07,0.02,-0.57,-0.19,-0.38,-0.33,0.03,-0.43,0.0,-0.17,0.18,-0.22,-0.17,-0.08,0.46,-0.56,-0.67,-0.38,-0.6,-0.08,-0.33,-0.22,0.19,0.1,0.73,0.11,0.19,0.15,-0.03,0.56,0.08,-0.21,0.27,-0.42,-0.33,0.11,-0.25,0.67,-0.07,-0.33,-0.29,0.17,-0.6,-0.52,-0.02,-0.26,0.0,-0.14,0.56,-0.06,-0.33,-0.04,0.05,-0.83,-0.33,0.0,-0.17,-0.56,-0.52,0.0,0.24,0.08,0.47,0.73,-0.33,0.0,0.29,-0.07,0.33,-0.02,0.49,-0.67,-0.47,0.0,-0.83,0.21,-0.25,-0.04,-0.5,-0.11,-0.67,0.0,-0.07,-0.33,0.09,0.24,-0.04,0.07,0.2,0.07,-0.17,0.33,0.33,-0.39,0.0,-0.07,-0.06,-0.19,0.24,-0.57,0.0,0.64,0.54,0.03,0.2,0.4,0.0,0.33,-0.57,0.0,0.0,-0.25,0.0,-0.6,0.33,-0.25,0.37,-0.33,-0.67,-0.2,-0.22,-0.33,-0.33,-0.52,0.08,-0.33,0.57,-0.6,1.0,0.22,0.05,-0.38,0.48,-0.29,-0.29,0.06,0.24,0.09,0.18,0.2,0.13,0.17,-0.54,-0.09,-0.71,-0.29,0.78,0.0,0.29,0.14,-0.07,0.07,0.06,0.08,0.0,0.0,0.03,0.21,-0.33,0.17,-0.33,-0.33,0.59,0.21,-0.11,0.1,-0.25,0.0,0.57,-0.33,-0.04,0.19,-0.45,-0.42,0.07,0.81,-0.07,-0.45,-0.25,-0.29,0.56,-0.11,-0.11,-0.11,-0.39,-0.54,0.0,0.67,0.24,0.13,0.24,0.19,0.56,0.67,0.17,0.56,-0.56,-0.41,0.37,0.52,0.12,0.06,-0.33,-0.6,0.11,-0.04,-0.56,-0.08,0.78,0.48,-0.2,
InputMatrix10,0.17,-0.44,0.22,0.17,-0.28,0.0,0.28,-0.11,0.0,0.44,-0.11,-0.17,0.11,-0.22,0.44,-0.11,0.11,-0.11,0.22,-0.11,-0.06,0.0,-0.11,-0.33,0.06,-0.56,-0.17,0.17,0.28,0.22,0.0,-0.06,0.0,0.56,0.0,0.17,0.11,0.06,-0.28,0.17,-0.06,-0.39,0.39,-0.11,0.17,0.11,-0.11,0.28,0.22,-0.28,-0.06,0.06,-0.17,-0.17,0.28,-0.17,0.06,0.39,-0.11,0.17,-0.17,0.06,-0.06,-0.11,-0.06,-0.44,0.0,-0.22,0.06,0.5,-0.17,-0.28,-0.61,-0.22,0.17,0.22,-0.11,0.0,0.11,0.17,-0.11,-0.06,-0.11,-0.17,-0.5,-0.11,0.17,0.22,-0.17,0.11,-0.17,0.06,0.22,-0.33,-0.06,-0.17,-0.17,0.33,0.61,-0.22,-0.22,0.06,-0.67,-0.17,-0.33,-0.11,0.06,0.06,0.5,0.17,-0.06,-0.28,0.22,0.06,-0.06,-0.06,0.5,-0.17,0.06,-0.33,0.0,0.72,-0.17,-0.22,0.33,-0.28,0.11,0.06,-0.28,0.06,0.0,0.28,-0.22,-0.06,-0.11,0.5,0.39,-0.22,-0.22,-0.33,0.0,0.0,0.0,-0.11,-0.56,0.28,-0.22,-0.17,-0.06,-0.17,-0.17,0.06,-0.17,-0.22,-0.11,-0.06,-0.17,0.11,-0.22,0.06,0.22,0.17,0.22,-0.06,0.56,-0.17,0.17,-0.28,-0.28,0.0,-0.11,-0.33,-0.44,-0.06,0.0,-0.22,-0.5,0.11,-0.06,-0.33,0.06,-0.11,0.17,0.0,-0.17,0.56,-0.5,0.06,0.39,0.06,-0.06,0.22,-0.22,0.33,0.17,0.11,0.06,-0.44,0.22,0.06,-0.22,0.22,-0.11,-0.06,-0.39,0.0,0.72,0.06,-0.39,0.06,0.17,-0.17,-0.28,-0.22,-0.22,0.0,-0.06,-0.11,0.06,0.22,-0.11,-0.56,0.0,0.11,-0.39,-0.22,0.06,-0.28,-0.17,0.17,0.06,-0.11,-0.11,-0.06,-0.11,0.28,0.0,0.06,0.17,0.28,0.06,-0.33,-0.06,0.17,-0.17,0.17,-0.22,-0.11,-0.11,0.06,0.56,0.0,0.06,0.5,0.44,-0.11,-0.11,0.17,0.17,0.11,-0.17,-0.22,0.22,0.0,0.5,0.11,0.06,0.28,0.11,-0.11,0.06,0.28,-0.17,0.5,-0.28,0.5,-0.28,0.06,0.17,0.06,-0.22,-0.33,-0.06,-0.11,0.22,0.0,-0.06,0.11,0.44,-0.06,0.0,-0.33,-0.22,0.06,-0.28,0.22,0.11,0.17,0.28,0.06,-0.17,0.33,0.11,0.0,0.44,-0.11,0.39,-0.39,0.22,0.22,-0.06,-0.17,-0.17,0.0,0.06,-0.33,-0.5,-0.22,-0.33,-0.28,-0.11,0.17,0.06,0.06,0.17,0.33,0.0,-0.06,0.06,0.0,0.0,-0.11,-0.11,0.22,-0.11,0.11,0.0,-0.06,0.11,0.0,-0.5,-0.28,0.06,0.11,0.11,0.17,-0.22,0.06,0.11,0.06,-0.17,-0.28,0.22,0.0,0.0,0.39,-0.06,0.0,0.28,0.33,0.22,-0.17,0.0,-0.33,0.22,0.0,-0.44,-0.11,0.06,0.11,0.28,-0.28,-0.11,0.0,-0.06,-0.11,0.22,0.17,-0.11,0.22,0.33,0.06,0.28,-0.11,-0.11,0.17,0.28,0.06,0.06,-0.06,0.11,0.67,0.06,-0.5,-0.56,-0.06,0.11,0.11,0.17,-0.17,-0.22,0.06,0.06,-0.17,0.28,-0.11,-0.22,0.06,-0.11,0.0,-0.06,0.06,0.0,0.0,-0.56,0.61,-0.56,0.0,-0.06,-0.39,0.22,0.06,-0.28,-0.11,0.0,-0.33,0.28,0.17,-0.06,-0.06,0.0,-0.17,0.06,0.11,0.06,0.0,-0.33,0.0,-0.06,0.39,0.11,-0.11,-0.22,0.11,0.0,0.0,-0.22,-0.39,0.0,0.5,0.17,-0.33,0.44,0.11,-0.28,0.11,0.11,0.06,-0.06,0.28,-0.33,0.22,0.17,-0.06,-0.28,0.61,0.33,-0.06,0.17,0.0,-0.33,0.17,-0.44,-0.28,0.28,0.5,0.11,0.11,0.06,-0.06,-0.28,0.11,0.22,0.11,-0.06,0.06,-0.39,-0.11,-0.28,0.0,-0.06,-0.5,0.0,0.33,-0.5,0.0,0.0,-0.28,0.0,-0.22,0.06,0.56,0.22,0.28,-0.33,0.17,0.22,0.11,0.11,0.0,0.11,-0.28,0.33,0.06,0.44,-0.06,0.11,-0.39,0.33,0.06,-0.11,-0.22,0.22,0.06,0.17,-0.39,0.22,-0.33,-0.28,0.28,-0.33,-0.22,0.0,0.28,-0.39,-0.67,0.0,-0.17,0.0,0.56,0.17,-0.17,-0.11,-0.17,-0.11,0.17,0.06,0.0,0.0,-0.17,0.17,-0.11,-0.22,0.06,0.11,0.06,0.22,0.11,-0.33,0.11,
InputMatrix11,0.33,-0.33,0.07,0.07,-0.07,-0.47,-0.2,0.33,-0.47,-0.2,-0.6,-0.73,0.07,-1.0,0.07,-0.47,0.2,0.47,-0.2,-0.87,-0.6,-0.2,0.07,-0.47,0.33,-0.6,-0.2,-0.07,-0.2,0.33,0.2,0.47,0.2,0.07,-0.47,-0.2,0.73,-0.2,-0.87,-0.07,-0.47,-0.07,-0.33,-0.07,0.73,-0.6,-0.73,-0.33,0.73,-0.07,-0.2,0.2,0.33,0.2,0.47,-0.47,-0.47,0.6,-0.07,0.33,-1.0,-0.73,0.47,0.6,0.2,-0.2,-0.47,-0.33,0.33,1.0,-0.47,-0.2,0.2,-0.2,0.73,-0.07,-0.33,0.07,0.07,-0.33,0.33,-0.73,-0.07,-0.47,-0.47,-0.07,0.33,-0.2,0.33,-0.47,-0.33,-0.47,0.73,0.73,-0.07,-0.47,0.07,0.33,0.6,0.07,-0.47,-0.33,-0.07,0.07,0.33,-0.47,-0.6,0.2,0.2,-0.2,-0.2,-0.2,0.6,0.2,-0.2,-0.33,-0.33,-1.0,-0.47,0.2,0.07,0.33,-0.87,-0.07,-0.33,-1.0,-0.07,0.07,-0.73,-0.33,-0.6,-0.07,-0.6,0.07,-0.07,-0.2,-0.2,-0.47,-0.47,-0.2,-0.07,-0.47,0.73,-0.33,0.2,-0.2,0.07,-0.2,0.33,-0.47,-0.07,0.07,0.07,-0.73,0.47,-0.47,0.6,0.47,-0.6,-0.2,0.73,0.33,0.07,-0.47,-0.07,0.33,0.2,-0.07,0.07,-0.07,-0.07,-0.87,-0.6,-0.73,-0.33,0.07,-0.6,-0.2,0.33,0.33,-0.6,0.2,0.07,0.07,-0.47,-0.07,-0.6,0.07,0.47,-0.47,0.6,-0.33,0.73,0.47,-0.2,-0.47,-0.07,-0.47,0.33,0.07,-0.2,-0.47,-0.2,-0.33,-0.47,0.07,-0.2,0.2,0.33,0.47,0.47,0.2,-0.33,-0.33,-0.07,-0.07,-0.47,0.07,-0.07,0.73,-0.07,-0.33,0.07,-0.07,0.07,0.2,-0.07,-0.2,-0.47,-0.6,-0.07,-1.0,-0.07,0.2,-0.47,0.33,0.33,-0.07,-0.07,-0.07,0.07,0.07,-0.47,-0.47,-0.6,-0.07,0.07,-0.07,-0.47,0.2,0.07,-0.6,-0.07,0.33,0.33,-0.2,-0.33,0.6,-0.33,0.2,-0.2,0.07,0.07,-0.2,-0.07,0.07,-0.33,0.47,-0.07,-1.0,0.07,0.33,-0.73,0.73,-0.07,0.2,-0.47,0.2,-0.07,-0.2,-0.73,-0.07,-0.33,-0.2,-0.07,-0.47,0.47,0.33,0.2,-0.33,-0.07,-0.6,-0.2,-0.2,0.6,-0.2,-0.2,-0.6,-0.33,0.33,-0.33,0.47,0.07,-0.73,0.47,-0.07,0.33,-0.2,-0.07,0.33,0.07,0.2,-0.2,-0.6,0.07,-0.07,-0.2,-0.33,0.07,-0.6,-0.73,1.0,-0.2,-0.2,0.47,0.07,-0.33,-0.87,0.2,0.6,-0.2,0.2,-0.73,0.07,-1.0,0.33,-0.07,-0.47,0.47,-0.2,-0.07,-0.07,-0.2,0.33,0.07,-0.2,-0.2,-0.33,0.07,-0.33,0.07,0.33,0.07,0.07,0.2,0.6,-0.07,-0.07,0.2,-0.47,-0.87,-0.07,-0.2,-0.2,1.0,0.2,-0.47,-0.33,0.2,0.6,-0.2,-0.2,0.33,0.6,-0.07,-0.47,-0.47,-0.47,-0.33,-0.07,0.2,-0.33,-0.33,0.47,0.47,-1.0,0.07,-0.2,0.73,-0.73,0.33,0.07,0.07,-0.6,-0.6,-0.6,0.2,0.33,0.47,0.07,0.33,-0.73,-0.6,-0.47,0.33,0.2,-0.87,-0.2,0.2,-0.2,-0.47,-0.2,-0.33,-0.33,-0.07,-0.33,-0.2,-0.47,-0.2,0.2,0.2,0.07,-0.47,-0.07,-0.47,0.2,0.33,0.33,-0.87,-0.73,0.07,-0.07,0.07,0.2,-0.33,-0.47,-0.33,-0.73,-0.07,0.07,0.73,-0.47,0.07,-0.2,-0.2,0.33,-0.6,-0.07,-0.2,0.2,-0.07,-0.2,-0.2,0.07,-0.2,0.73,0.33,0.07,-0.33,0.47,0.73,-0.07,0.33,-0.33,-0.33,-0.07,0.2,0.2,-0.6,-0.33,-0.33,0.2,-0.47,-0.07,0.47,0.73,0.2,0.2,-0.33,-0.2,-0.6,-0.6,-0.07,-0.33,-0.2,0.2,0.07,-0.07,-0.2,-0.33,-0.2,-0.47,0.07,0.33,-0.2,-0.73,-0.33,-0.47,0.33,-0.6,-0.2,0.07,-0.07,-0.47,-0.2,-0.33,-1.0,0.47,0.6,0.33,-0.47,-0.47,0.33,-0.2,0.6,-0.73,-0.2,-0.6,0.73,0.07,-0.6,0.2,0.47,0.6,0.33,0.2,-0.33,-0.2,-0.33,0.07,0.07,0.33,-0.2,-0.47,-0.87,-0.33,-0.47,-0.47,0.33,0.73,0.33,-0.2,-0.73,0.2,-0.47,0.2,-0.47,0.2,-0.2,0.07,0.07,-0.33,-0.33,0.2,-0.2,0.47,-0.47,-0.2,-0.47,0.07,
InputMatrix12,0.07,-0.33,-0.07,-0.2,0.33,0.2,-0.2,-0.07,-0.47,-0.07,-0.6,-0.87,-0.2,-0.33,0.2,-0.73,-0.07,0.07,-0.33,-0.73,-0.6,-0.07,-0.33,-0.33,0.07,-0.33,-0.2,0.2,-0.2,0.07,-0.2,0.2,0.73,-0.33,-0.33,-0.2,0.33,-0.47,-1.0,-0.33,-0.33,-0.07,-0.47,-0.33,0.47,-0.6,-0.2,-0.47,0.33,0.2,-0.47,0.07,0.2,-0.2,-0.47,0.2,-0.33,0.2,-0.07,-0.07,-0.6,-0.6,0.07,0.07,-0.47,0.07,-0.33,-0.33,-0.2,0.07,-0.6,-0.07,-0.07,0.07,0.6,0.2,-0.33,-0.07,-0.2,-0.2,-0.07,-0.73,-0.2,-0.6,-0.47,-0.07,0.07,-0.33,0.47,-0.6,-0.6,-0.33,0.87,-0.2,0.07,-0.47,0.07,0.2,0.33,0.07,-0.33,-0.33,-0.33,-0.2,-0.07,-0.33,0.07,-0.2,-0.07,-0.47,-0.33,0.33,0.2,-0.2,-0.07,-0.33,-0.6,-0.6,-0.6,-0.47,0.07,0.73,-0.2,-0.2,-0.33,-1.0,-0.07,0.07,-0.73,-0.73,-0.6,0.07,-0.73,0.07,-0.07,-0.07,-0.33,-0.73,-0.07,-0.2,0.07,-0.33,0.87,-0.47,-0.2,-0.07,-0.2,-0.07,0.2,-0.2,-0.07,-0.33,0.2,-0.07,0.47,-0.47,-0.07,-0.47,-0.47,-0.33,0.73,-0.33,-0.47,-0.33,-0.33,0.47,-0.33,0.07,-0.33,-0.2,-0.2,-0.73,-0.33,-0.6,-0.33,-0.2,-0.47,-0.07,-0.07,-0.07,-0.6,-0.33,-0.07,0.07,-0.6,-0.47,-0.2,-0.07,0.2,-0.33,0.2,-0.07,0.33,0.07,0.07,-0.33,-0.07,-0.33,-0.33,-0.07,-0.2,-0.6,0.07,-0.33,-0.33,0.07,-0.07,-0.2,-0.2,0.47,-0.47,0.33,-0.6,-0.2,-0.2,0.2,-0.47,0.33,-0.07,0.07,-0.2,-0.47,0.2,-0.2,-0.2,-0.2,-0.07,0.07,-0.2,-0.6,0.07,-0.6,-0.47,0.33,-0.07,-0.07,0.2,-0.07,-0.07,-0.33,-0.2,-0.07,-0.6,-0.33,-0.87,-0.33,-0.07,0.33,-0.6,-0.33,0.33,-0.47,0.33,0.2,0.33,-0.2,-0.33,-0.2,-0.33,-0.33,-0.47,-0.2,0.33,-0.47,-0.07,-0.2,-0.47,-0.2,-0.47,-0.73,-0.2,0.33,-0.6,0.07,0.07,0.2,-0.33,-0.07,-0.2,-0.2,-0.07,0.07,-0.47,-0.2,-0.07,0.07,0.2,0.33,-0.07,-0.47,0.07,-0.6,-0.07,-0.47,0.2,-0.07,-0.07,-1.0,-0.6,0.2,-0.6,0.2,0.07,-0.6,0.07,0.07,-0.2,-0.33,0.07,-0.2,0.07,-0.6,-0.07,-0.87,-0.47,0.07,-0.2,-0.73,-0.07,-0.47,-0.6,1.0,-0.2,-0.07,-0.2,-0.33,0.2,-0.07,0.2,0.33,-0.2,0.33,-0.73,0.2,-1.0,0.07,-0.2,-0.47,0.2,-0.47,-0.2,0.2,-0.2,-0.07,-0.07,0.07,-0.2,-0.6,-0.2,-0.47,0.33,0.07,-0.47,-0.2,0.33,-0.07,-0.07,-0.6,0.47,-0.47,-0.73,-0.47,-0.47,-0.07,0.87,0.47,-0.07,-0.33,0.07,0.33,-0.47,-0.47,0.33,0.33,-0.07,-0.6,-0.47,-0.6,-0.6,-0.07,-0.07,-0.2,-0.2,0.33,0.2,-0.6,-0.6,-0.33,0.2,-0.73,0.47,0.47,0.33,-0.2,-0.73,-0.6,-0.2,0.07,0.6,-0.47,0.6,-0.73,-0.6,0.07,-0.07,-0.2,-1.0,-0.07,-0.07,-0.2,-0.2,0.07,-0.2,-0.33,0.07,-0.07,-0.2,-0.6,-0.07,0.33,-0.07,-0.2,-0.07,-0.47,-0.33,-0.2,-0.33,0.47,-0.6,-0.87,0.07,-0.2,-0.07,0.2,-0.33,-0.6,-0.33,0.07,-0.07,-0.47,0.07,-0.47,-0.07,-0.47,0.2,0.33,-0.73,-0.33,-0.2,-0.07,-0.07,-0.2,-0.33,-0.07,-0.33,0.6,0.07,-0.2,-0.47,-0.2,-0.07,0.33,0.07,-0.47,-0.07,0.07,0.2,-0.33,-0.47,-0.2,-0.33,0.2,-0.47,-0.07,0.2,0.33,0.2,0.47,-0.33,-0.33,-0.47,-0.87,0.33,-0.47,-0.07,-0.2,-0.33,-0.47,-0.2,-0.2,-0.2,-0.6,-0.2,0.07,-0.6,-0.73,-0.33,-0.6,0.33,-0.2,0.07,-0.33,-0.2,-0.47,-0.33,-0.2,-0.6,0.07,0.2,0.33,-0.33,-0.33,0.07,0.33,-0.07,-0.73,0.07,-0.47,-0.07,-0.6,-0.33,0.33,-0.33,0.33,-0.07,-0.47,-0.2,-0.47,-0.6,0.07,0.2,0.33,-0.2,-0.33,-0.47,-0.47,-0.47,-0.6,-0.07,0.2,-0.33,0.33,-0.47,0.07,-0.6,0.2,-0.33,0.33,-0.07,-0.2,0.07,-0.2,-0.73,0.07,-0.33,-0.33,-0.87,-0.33,-0.2,-0.33,
InputMatrix13,0.6,-0.2,0.47,0.33,-0.07,-0.6,-0.2,0.33,0.07,0.07,0.33,0.33,0.47,-0.47,-0.07,0.2,0.47,0.73,0.33,-0.47,-0.07,0.2,0.6,-0.07,0.6,-1.0,-0.2,0.07,-0.07,0.33,0.6,0.73,-0.47,0.73,0.2,-0.33,0.33,-0.2,0.2,0.47,-0.07,0.07,0.47,0.2,0.73,0.2,-0.33,0.47,0.73,-0.47,0.33,0.2,0.47,0.6,0.87,-0.47,0.07,0.47,0.2,0.33,-0.73,-0.07,0.73,0.47,0.73,-0.33,0.33,0.33,0.47,0.73,-0.07,0.07,0.33,-0.2,0.73,-0.07,-0.2,0.2,0.33,-0.07,0.6,-0.07,0.2,0.33,-0.2,0.07,0.73,0.07,-0.2,-0.2,0.6,-0.33,-0.07,0.73,-0.33,-0.07,0.6,0.33,0.6,0.33,-0.07,-0.47,0.33,0.47,0.47,0.2,-0.6,0.33,0.33,0.6,-0.2,-0.33,0.47,0.47,-0.47,0.2,0.47,-0.6,-0.07,0.73,0.2,-0.07,-0.47,0.33,0.6,-0.07,-0.47,0.73,-0.2,0.6,0.33,0.07,-0.47,0.2,-0.07,0.33,0.07,0.2,0.07,-0.07,-0.2,-0.07,0.47,0.33,0.33,-0.07,0.2,-0.47,0.33,0.07,-0.2,0.6,-0.2,-0.73,0.47,-0.07,0.73,0.87,-0.2,0.33,0.33,0.6,0.73,-0.47,0.47,0.2,0.47,0.33,0.6,0.33,0.47,-0.47,-0.2,-0.47,-0.07,0.6,-0.07,0.07,0.6,0.73,0.2,0.33,0.2,0.47,0.2,0.73,-0.87,0.07,0.47,-0.2,0.47,0.33,0.87,0.6,-0.47,0.2,-0.07,-0.73,0.73,0.07,0.2,-0.07,-0.07,-0.2,-0.07,-0.07,0.07,0.47,0.47,0.6,1.0,0.2,0.33,0.2,0.07,0.07,0.33,-0.07,-0.2,0.6,0.47,0.2,0.33,0.2,0.07,0.73,0.07,-0.47,-0.2,0.33,-0.2,-0.73,0.73,0.07,-0.2,0.33,0.2,-0.07,0.33,-0.07,0.47,0.07,0.07,-0.2,0.2,0.2,0.2,-0.07,0.07,0.73,-0.2,-0.73,-0.07,0.2,0.07,0.2,-0.07,0.87,0.2,0.6,0.47,0.47,0.2,0.33,0.33,0.33,0.33,0.6,0.47,-0.2,0.07,0.47,0.07,0.6,-0.33,0.2,0.2,0.47,0.33,0.33,-0.73,0.07,0.2,-0.73,0.33,-0.07,0.73,0.33,0.33,0.33,0.07,-0.33,-0.2,0.07,0.87,-0.07,-0.07,0.47,0.2,0.07,0.47,0.33,-0.07,-0.2,0.33,-0.47,0.47,-0.07,0.33,0.6,0.07,0.73,-0.73,0.6,0.87,-0.33,0.07,0.33,0.07,-0.47,0.2,0.33,0.07,-0.47,0.87,0.47,-0.73,-0.73,0.33,0.2,0.33,0.2,0.2,0.33,0.07,0.2,0.07,-0.07,0.6,0.47,0.07,0.07,-0.07,0.47,0.6,0.2,0.07,0.47,0.6,0.2,0.07,0.6,0.6,0.33,0.07,0.6,0.07,0.6,0.07,-0.07,-0.47,0.2,0.47,0.33,0.33,0.07,-0.33,-0.07,0.33,0.2,0.2,0.33,0.33,0.33,0.2,0.33,-0.2,-0.07,0.47,0.2,0.33,0.2,-0.07,0.2,0.6,-0.47,0.87,0.07,0.87,0.07,-0.2,0.07,-0.47,-1.0,-0.33,0.07,0.73,0.6,0.33,0.73,-0.33,0.2,0.2,-0.73,0.47,-0.2,0.2,0.07,0.2,-0.2,-0.07,-0.2,0.2,0.2,0.07,0.33,0.2,0.2,-0.87,0.07,0.2,0.47,-0.33,0.2,0.33,0.2,0.87,-0.2,0.07,0.07,0.33,0.07,0.33,0.2,0.2,-0.07,0.2,-0.6,-0.07,0.6,0.6,0.07,0.6,0.33,-0.2,0.2,-0.07,0.33,0.2,0.47,0.2,0.47,0.33,0.07,-0.33,0.6,0.07,0.33,0.2,0.73,0.6,0.07,0.33,0.6,-0.33,0.2,0.33,0.73,-0.33,0.2,-0.07,0.07,-0.2,0.33,0.33,0.73,-0.07,0.33,0.2,0.33,-0.2,0.33,-0.07,0.47,-0.33,0.87,0.2,0.6,0.07,-0.47,0.2,-0.2,0.2,0.6,0.33,0.07,-0.07,0.07,0.33,-0.47,-0.2,0.73,0.2,0.2,0.2,0.33,-0.33,0.6,0.73,0.47,0.07,-0.07,0.73,-0.47,0.6,0.2,-0.07,-0.07,0.6,0.73,-0.87,-0.2,1.0,0.6,0.47,0.47,0.33,0.47,0.33,0.33,0.07,0.6,-0.07,-0.47,-0.33,0.6,-0.07,-0.2,0.47,0.87,0.73,-0.2,-0.2,0.47,0.2,0.07,-0.47,-0.07,-0.2,0.6,0.33,0.2,0.33,0.47,0.33,0.73,0.6,0.07,-0.07,0.47,
InputMatrix14,0.79,-0.26,0.05,0.05,0.05,-0.68,0.37,0.37,-0.58,0.89,-0.68,-0.58,0.68,-1.0,1.0,0.16,0.05,0.16,-0.37,-0.89,-0.68,0.47,-0.47,-0.47,0.89,-0.89,-0.05,0.37,0.58,0.68,0.79,-0.37,0.68,0.89,-0.79,-0.37,1.0,-0.16,-0.89,0.16,-0.47,-0.89,0.58,-0.37,0.89,0.37,-0.37,0.79,0.79,-0.89,-0.79,0.37,0.47,-0.26,0.16,-0.58,0.68,1.0,0.37,1.0,-1.0,0.26,-0.16,0.68,0.05,-0.68,0.37,-0.58,0.26,1.0,-0.26,-0.79,0.05,-0.16,0.79,0.47,-0.26,0.05,0.05,-0.47,0.26,-0.58,0.05,-0.58,-0.89,-0.05,0.79,-0.26,-0.05,0.16,-0.58,-0.37,0.05,0.05,-0.89,-0.89,0.16,1.0,0.68,-0.16,-1.0,-0.68,-0.16,0.16,0.05,-0.89,-0.37,0.37,-0.16,0.79,0.16,-0.16,0.68,0.37,0.58,0.05,-0.16,-1.0,-0.37,-0.16,-0.16,0.89,-0.89,0.16,0.47,-1.0,-0.05,0.89,-0.05,0.26,-0.68,0.26,-1.0,-0.79,0.05,0.89,0.05,-0.47,-0.47,-0.58,-0.47,-0.16,0.58,-0.47,0.16,0.58,0.26,-1.0,0.47,-0.68,-0.05,0.58,-0.37,-0.58,0.26,-0.79,0.47,0.58,-1.0,-0.05,1.0,-0.16,-0.05,-0.47,0.79,0.37,0.58,-0.05,0.58,-0.79,-0.37,-0.16,-1.0,-0.79,0.16,0.16,-1.0,0.37,-0.47,-0.05,-0.26,0.68,0.05,0.58,0.05,0.89,-0.68,0.68,1.0,0.16,0.68,0.05,0.68,0.68,-0.37,0.68,0.37,-0.68,0.89,0.68,-0.68,0.05,-0.89,-0.68,-0.68,-0.68,0.79,0.89,0.05,0.79,0.89,0.58,-0.68,-0.89,-0.16,0.26,-0.05,-0.89,-0.16,0.89,-0.58,-0.89,0.89,0.37,-0.68,-0.16,-0.16,-0.89,-0.89,-0.37,0.37,-1.0,-0.05,0.68,0.16,-0.05,-0.26,0.47,-0.16,-0.26,0.58,-0.68,-0.79,-0.37,-0.89,0.16,-0.16,-0.26,-0.89,0.05,1.0,-0.68,-0.05,1.0,1.0,0.26,-0.68,0.68,-0.37,0.68,-0.37,-0.16,-0.26,-0.58,0.79,0.37,-0.37,0.89,-0.37,-1.0,0.47,1.0,-0.58,1.0,-0.26,0.79,-0.79,0.79,0.16,-0.26,-0.47,-0.58,-0.47,-0.89,0.47,-0.47,-0.37,0.68,-0.05,-0.37,0.26,-1.0,-0.47,-0.05,0.68,0.26,0.58,-0.47,0.16,0.58,-0.68,1.0,0.79,-0.47,1.0,-0.16,0.79,-0.58,-0.16,0.79,0.89,0.37,-0.26,-0.68,0.89,-0.89,-0.79,-0.37,-0.68,-1.0,-0.79,1.0,-0.58,-0.68,0.58,0.37,-0.37,-0.79,0.47,0.68,0.47,0.47,0.16,0.26,-0.89,0.58,0.26,0.37,0.58,-0.05,-0.89,-0.47,-0.58,0.47,0.26,0.37,0.47,0.58,0.89,-0.58,0.37,0.58,0.58,0.79,0.68,1.0,0.16,0.37,0.47,-0.37,-0.05,-0.26,-0.79,-0.26,1.0,0.68,-0.89,-0.68,0.79,0.68,-0.26,-0.47,0.05,0.37,-0.68,-0.58,0.68,0.05,-0.47,0.68,1.0,0.26,0.26,0.16,-0.05,0.37,0.79,0.47,0.79,0.26,1.0,0.89,-0.16,-0.89,-1.0,-0.68,-0.16,1.0,0.58,0.26,-0.05,0.05,-0.26,-1.0,0.68,-0.05,-0.79,0.26,0.26,0.37,0.26,0.05,-0.79,-0.47,-0.79,0.89,-0.79,-0.68,-0.89,-0.68,0.26,0.68,-0.16,-0.05,0.58,0.16,0.37,-0.16,-0.89,-0.79,-0.37,-0.37,0.47,0.16,-0.05,-0.37,-0.47,-0.47,-0.05,1.0,1.0,-0.16,0.47,0.37,0.58,-0.68,-1.0,-0.58,0.37,0.89,-0.37,-0.47,0.79,0.89,-1.0,0.79,0.16,-0.16,-0.79,0.89,-0.05,0.37,0.58,0.26,-0.89,0.68,0.58,0.58,-0.37,-0.79,-0.89,1.0,-0.79,-0.26,1.0,0.58,0.16,0.68,-0.37,-0.68,-1.0,-0.47,-0.26,0.05,-0.79,-0.05,-0.05,0.05,-0.68,0.26,-0.26,-0.16,-0.68,1.0,-0.79,-0.58,-0.58,-0.26,0.47,-1.0,0.16,0.05,0.05,0.68,-0.68,0.47,0.47,-0.05,1.0,0.68,-0.05,-0.05,0.79,0.37,1.0,-0.58,1.0,-1.0,0.89,0.58,-0.89,-0.26,0.89,0.79,0.58,0.05,0.58,-0.26,-0.16,0.47,-0.79,0.58,-0.05,-0.37,-1.0,-0.26,-0.58,0.16,0.79,0.68,1.0,0.37,-1.0,0.05,-0.58,0.68,0.26,0.58,-0.79,0.26,0.26,-0.26,-0.05,0.68,-0.37,0.89,-0.47,-0.05,-1.0,0.68,
InputMatrix15,0.47,-0.72,0.08,0.08,-0.48,0.0,0.22,-0.33,-0.16,0.73,-0.78,-0.52,0.5,-0.78,0.37,-0.44,0.03,-0.44,0.12,-0.78,-0.2,-0.17,-0.27,-0.59,0.33,-0.73,-0.6,0.6,0.29,1.0,-0.1,-0.15,0.0,0.69,-0.17,0.24,1.0,0.17,-0.63,0.08,-0.17,-0.67,0.56,-0.24,0.67,0.05,-0.67,0.48,0.56,-0.81,-0.16,0.17,-0.29,-0.48,0.18,-0.83,0.0,0.44,-0.47,0.26,-0.83,-0.02,-0.17,-0.5,-0.25,-0.58,-0.15,-0.87,0.17,0.51,-0.41,-0.7,-0.78,-0.67,0.47,0.17,-0.44,-0.11,0.11,0.13,-0.28,-0.25,-0.33,-0.29,-0.78,-0.33,0.33,0.12,-0.4,0.22,-0.41,0.0,0.26,-0.46,-0.22,-1.0,-0.25,0.39,0.67,-0.53,-0.38,-0.05,-0.79,-0.39,-0.67,-0.33,0.11,0.11,0.56,0.25,-0.33,-0.71,0.67,0.11,-0.22,-0.24,0.5,-0.83,0.17,-0.45,-0.11,0.75,-0.73,-0.29,0.52,-0.81,0.56,-0.05,-0.5,0.11,-0.33,0.24,-0.56,-0.18,-1.0,0.76,0.49,-0.87,-0.56,-0.54,-0.05,-0.17,-0.1,-0.22,-0.76,0.56,-0.38,-0.4,-0.22,-1.0,-0.4,0.33,-0.52,-0.78,-0.28,-0.33,-0.41,0.14,-0.33,0.33,0.52,0.16,0.41,-0.33,0.53,-0.33,1.0,-0.58,-0.44,-0.1,-0.6,-0.54,-0.64,-0.33,-0.07,-0.33,-0.67,0.5,-0.27,-0.7,0.11,-1.0,0.05,-0.07,-0.33,0.78,-0.69,-0.06,0.52,0.05,-0.14,0.06,-0.33,0.38,0.13,0.11,0.03,-0.67,0.42,-0.08,-0.62,0.22,-0.33,-0.33,-0.73,-0.13,0.69,-0.06,-0.49,0.11,0.33,-0.33,-0.6,-1.0,-0.38,-0.03,-0.56,-0.28,0.07,0.67,-0.4,-0.65,-0.11,0.04,-0.64,-0.67,0.0,-0.89,-0.33,0.07,0.07,-0.78,-0.43,-0.2,-0.44,0.47,-0.07,0.08,0.33,0.25,0.0,-0.64,-0.21,0.09,-0.5,0.33,-0.38,-0.78,-0.22,0.0,0.49,-0.11,0.33,0.46,0.42,-0.5,-0.44,1.0,0.1,1.0,-0.67,-0.71,0.16,-0.11,0.5,0.33,0.33,0.4,0.1,-0.43,0.0,0.78,-0.29,0.51,-0.75,0.56,-0.89,-0.02,0.17,0.0,-0.87,-0.64,-0.22,-0.21,0.19,-0.04,-0.28,0.5,0.52,-0.67,-0.04,-0.41,-0.58,0.33,-0.38,0.5,0.33,0.06,0.4,0.03,-0.52,0.39,0.5,-0.14,0.85,-0.47,0.64,-0.67,0.27,0.43,-0.18,-1.0,-1.0,-0.33,-0.03,-0.67,-0.67,-0.71,-0.61,-0.38,-1.0,0.6,0.06,-0.04,0.25,0.25,-0.07,-0.33,0.0,0.0,-0.18,-0.33,-0.18,0.19,-0.33,0.11,-0.07,-0.16,0.08,-0.33,-0.62,-0.6,0.07,0.17,0.33,0.13,-0.48,-0.04,0.06,-0.07,-0.33,-0.43,0.33,-0.08,-0.33,0.44,-0.33,-0.05,0.71,0.44,0.27,-0.83,-0.08,-0.51,0.73,0.0,-0.69,-0.67,-0.04,0.56,0.18,-0.67,-0.23,-0.17,-0.19,-0.41,0.28,0.13,-0.33,0.5,0.47,0.04,0.21,-0.27,-0.47,0.14,0.58,0.11,0.03,-0.14,0.56,0.73,0.11,-0.71,-0.69,-0.25,0.24,0.56,0.1,-0.4,-0.56,-0.05,0.0,-0.39,0.71,-0.5,-0.58,0.0,-0.67,-0.05,-0.11,0.17,-0.2,-0.11,-0.61,0.71,-0.69,-0.11,-0.16,-0.49,0.42,0.0,-0.67,-0.78,-0.13,-0.46,0.48,0.17,-0.56,-0.67,-0.18,-0.83,0.11,0.06,0.0,-0.11,-0.47,-0.2,-0.33,0.83,0.56,-0.33,-0.39,0.24,-0.07,-0.1,-0.58,-0.57,-0.08,0.62,0.2,-0.5,0.59,0.33,-0.63,0.33,0.09,-0.1,-0.21,0.5,-0.47,0.67,0.44,-0.22,-0.75,0.61,0.6,-0.33,0.07,-0.14,-0.7,0.2,-0.76,-0.56,0.33,0.62,0.33,0.56,0.11,-0.33,-0.43,0.0,0.19,0.02,-0.18,0.05,-0.7,-0.28,-0.67,-0.04,-0.56,-0.74,-0.11,0.81,-0.58,-0.07,-0.17,-0.42,-0.08,-0.87,0.11,0.53,0.17,0.39,-0.7,0.17,0.21,0.17,0.5,-0.04,0.09,-0.5,0.6,0.33,0.48,-0.21,0.09,-0.62,0.56,0.0,-0.24,-0.45,0.43,0.07,0.33,-0.49,0.27,-0.46,-0.43,0.24,-0.64,-0.39,-0.11,0.39,-0.72,-0.76,0.0,-0.52,-0.06,0.64,0.33,-0.42,-0.27,-0.29,-0.78,0.6,0.04,-0.17,-0.1,-0.24,0.13,-0.67,-0.38,0.33,0.11,0.33,0.12,0.33,-0.59,0.0,
InputMatrix16,0.47,-0.56,0.12,0.13,-0.43,0.5,0.1,-0.33,-0.42,0.4,-1.0,-0.43,0.0,-0.33,0.06,-0.44,-0.13,-0.56,-0.21,-1.0,-0.27,-0.33,-0.33,-0.54,-0.56,-0.42,-0.2,-0.2,0.11,0.0,-0.33,-0.15,1.0,0.28,-0.17,0.24,1.0,-0.33,-0.56,-0.12,0.08,-0.33,0.28,-0.24,0.33,0.1,-0.33,0.19,0.22,-0.71,-0.24,-0.33,-0.33,-0.56,-0.22,-0.33,-0.47,0.08,-0.2,-0.04,-0.67,0.02,-0.17,-0.17,-0.5,-0.46,-0.33,-0.6,-0.33,0.11,-0.33,-0.56,-0.56,-0.33,0.2,0.08,-0.33,-0.33,-0.19,-0.13,-0.39,-0.42,-0.4,-0.24,-0.56,-0.41,0.22,-0.17,-0.67,0.11,-0.48,-0.2,0.33,-0.29,0.0,-1.0,-0.37,0.11,0.29,-0.53,-0.18,-0.38,-0.54,-0.45,-0.53,-0.08,0.11,0.0,0.2,-0.33,-0.33,-0.33,0.0,-0.33,-0.37,-0.24,0.12,-0.67,-0.5,-0.45,-0.22,0.5,-0.2,-0.29,0.21,-0.43,-0.11,-0.24,-0.5,0.11,-0.33,0.02,-0.41,-0.18,0.0,0.45,0.23,-0.6,-0.04,-0.18,0.14,-0.33,-0.1,-0.25,-0.57,0.11,-0.38,-0.27,-0.11,-0.56,-0.27,-0.11,0.05,-0.22,-0.33,-0.33,-0.41,-0.14,-0.16,-0.33,0.05,0.16,0.26,-0.22,0.1,-0.33,-0.33,-0.58,-0.28,-0.18,-1.0,-0.54,-0.47,-0.33,0.0,-0.5,-0.5,-0.17,-0.45,-0.48,-0.33,-0.33,0.1,0.47,-0.33,0.39,-0.47,-0.44,0.15,-0.05,-0.14,0.06,-0.24,0.19,0.27,-0.41,0.03,-0.48,0.08,-0.49,-0.43,-0.06,-0.05,-0.33,-0.53,-0.38,0.45,-0.22,-0.29,0.33,-0.33,-0.07,-0.53,-0.67,-0.54,-0.09,-0.33,-0.22,-0.2,0.44,-0.47,-0.37,-0.29,0.08,-0.49,-0.67,-0.2,-0.67,-0.17,-0.2,-0.07,-0.56,-0.62,-0.07,-0.33,0.33,-0.2,0.0,0.33,0.14,-0.11,-0.52,-0.33,0.15,-0.42,0.14,-0.52,-0.33,-0.22,-0.17,0.14,-0.38,0.56,0.12,0.08,-0.33,-0.56,0.11,-0.19,0.0,-1.0,-0.62,0.02,-0.26,0.12,-0.2,0.0,0.07,0.14,-0.33,-0.2,0.56,-0.25,0.07,-1.0,0.2,-0.56,-0.24,-0.11,0.17,-0.33,-0.15,-0.45,-0.17,0.0,0.26,-0.5,0.67,0.24,-0.67,0.11,-0.25,-0.08,-0.33,-0.29,0.0,0.2,-0.1,0.07,0.09,-0.52,0.06,0.67,-0.33,0.41,-0.33,0.27,-0.22,-0.03,0.24,-0.29,-0.56,-0.11,-0.67,-0.23,-0.4,-0.48,-1.0,-0.44,-0.21,-0.67,-0.07,0.22,-0.29,-0.17,-0.02,0.33,-0.22,0.0,-0.11,-0.38,0.05,-0.23,-0.05,-0.48,0.11,0.0,-0.16,0.08,-0.67,-0.33,-0.07,0.2,0.08,0.33,-0.08,-0.11,-0.26,-0.17,-0.07,-0.33,-0.29,-0.11,-0.28,0.0,0.13,-0.33,0.14,0.05,0.22,-0.03,-0.67,-0.21,-0.47,0.6,0.67,-0.33,-0.67,-0.21,0.33,-0.18,-0.5,-0.18,-0.17,-0.04,-0.48,0.06,-0.13,-0.42,0.08,0.07,0.11,0.0,-0.27,-0.47,0.02,0.17,-0.33,-0.27,-0.14,-0.11,0.47,0.33,-0.38,-0.53,-0.25,-0.24,0.56,0.18,-0.47,-0.78,-0.19,-0.33,-0.21,0.14,-0.17,-0.5,-0.11,-0.5,0.05,-0.17,0.17,-0.2,-0.33,-0.49,0.48,-0.51,-0.33,-0.11,-0.37,0.17,0.0,-0.42,-0.56,-0.33,-0.38,0.11,0.25,-0.56,-0.67,-0.44,-0.83,0.11,-0.06,-0.17,-0.26,-0.42,-0.07,-0.33,0.33,-0.56,-0.25,-0.22,0.14,-0.33,-0.25,-0.42,-0.24,-0.08,0.24,-0.13,-0.5,0.23,-0.17,-0.48,0.17,-0.09,-0.38,-0.45,0.17,-0.24,0.11,0.11,0.22,-0.67,0.25,0.27,-0.56,-0.16,-0.14,-0.52,0.0,-0.58,-0.56,0.09,0.29,0.07,0.33,-0.33,-0.42,-0.24,-0.19,0.05,-0.16,-0.28,-0.14,-0.58,-0.28,-0.53,-0.11,-0.56,-0.59,-0.39,0.43,-0.5,-0.6,-0.33,-0.38,-0.12,-0.73,0.0,0.18,0.17,0.15,-0.48,-0.11,0.08,-0.25,-0.5,-0.19,-0.21,-0.61,0.27,0.56,0.1,-0.46,-0.09,-0.48,0.11,-0.25,-0.19,-0.64,-0.24,-0.2,-0.05,-0.41,-0.03,-0.46,-0.48,0.07,-0.33,-0.15,-0.33,0.27,-0.5,-0.57,-0.33,-0.43,-0.28,0.29,0.0,0.0,-0.15,-0.47,-0.78,0.07,-0.26,-0.33,-0.19,-0.24,-0.13,-1.0,-0.38,-0.33,-0.26,0.0,-0.04,-0.07,-0.44,-0.48,
InputMatrix17,-0.52,0.5,-0.21,-0.14,0.05,0.87,-0.22,0.0,-0.07,-0.39,-0.56,-0.05,-0.33,0.22,-0.49,-0.11,0.06,-0.44,0.06,0.11,0.07,-0.33,0.0,0.08,-0.78,0.56,0.73,0.24,-0.42,0.2,-0.29,-0.09,0.33,-0.38,0.0,-0.25,-0.56,0.73,-0.04,0.02,0.63,0.33,0.08,-0.1,-0.67,0.0,0.17,-0.63,-0.56,0.24,0.12,-0.17,-0.29,-0.04,0.0,0.67,-0.53,-0.54,0.2,-0.41,0.33,-0.02,-0.11,0.33,-0.5,0.21,-0.33,-0.07,-0.17,-0.6,0.19,0.19,0.47,0.78,-0.6,-0.29,0.0,-0.17,-0.33,0.05,-0.39,-0.05,-0.33,-0.07,0.22,-0.33,-0.58,0.17,-0.27,0.14,0.04,0.2,-0.27,0.33,0.24,-0.11,-0.25,-0.54,-0.02,0.0,0.19,0.29,0.46,-0.33,0.4,0.19,0.81,-0.22,0.46,-0.67,-0.07,0.81,-0.05,-0.56,-0.22,0.05,0.37,0.2,0.47,0.06,-0.33,-0.25,0.33,0.04,0.08,0.24,1.0,-0.38,0.11,-0.11,-0.67,-0.25,0.26,0.33,1.0,-0.39,0.48,0.47,0.63,0.59,0.67,-0.17,-0.06,-0.14,0.48,0.27,-0.25,0.33,0.0,0.11,0.2,-0.33,0.81,0.78,-0.33,-0.17,-0.04,-0.33,0.25,-0.11,-0.52,0.42,0.4,0.11,-0.25,-0.29,0.33,0.03,0.08,0.14,-0.73,0.13,0.24,0.33,0.13,-0.21,0.25,0.07,0.0,0.56,0.17,0.67,-0.2,-0.07,0.13,-0.38,0.29,-0.5,-0.54,0.05,-0.05,-0.22,-0.02,-0.57,-0.11,-0.63,0.09,0.29,-0.58,-0.54,-0.05,0.1,0.19,0.24,0.07,0.06,-0.26,-0.25,0.33,-0.67,-0.67,0.27,-0.07,0.0,-0.13,0.03,-0.11,0.33,0.07,-0.6,0.0,0.49,-0.29,-0.08,0.13,0.0,-0.33,0.44,0.18,0.08,0.0,0.33,-0.52,0.07,0.11,0.45,-0.33,-0.08,0.56,0.44,-0.22,0.03,0.07,-0.11,0.08,0.0,-0.14,0.56,0.49,-0.5,-0.44,0.29,0.56,-0.5,-0.5,0.17,0.11,-0.33,0.16,-0.33,-0.56,0.14,0.07,-0.04,-0.25,-0.07,-0.33,-0.53,0.42,0.24,0.0,-0.42,-0.08,-0.6,-0.25,-0.25,0.0,-0.29,-0.33,-0.73,0.87,0.64,-0.07,0.54,-0.38,0.67,-0.11,0.17,0.47,-0.33,-0.04,0.33,0.67,0.56,-0.04,0.33,-0.33,0.0,0.03,0.09,0.24,-0.5,-0.5,-0.05,-0.33,0.07,-0.22,0.67,0.0,-0.58,-0.25,0.33,1.0,-0.56,-0.38,0.33,0.24,-0.43,0.06,0.33,0.0,-0.47,0.52,0.21,-0.33,-0.29,0.81,0.33,0.0,-0.11,-0.38,0.24,0.03,-0.29,-0.04,0.09,0.13,-0.02,0.0,-0.67,0.54,0.67,0.67,-0.17,-0.07,-0.33,0.33,-0.33,-0.39,-0.43,-0.29,0.05,-0.33,-0.23,0.0,-0.57,0.07,-0.14,0.25,0.48,0.13,0.5,0.14,0.07,-0.44,0.17,0.38,0.0,-0.25,-0.33,0.14,-0.08,-0.03,-0.17,0.13,0.04,-0.52,0.1,0.08,-0.19,-0.45,-0.04,-0.25,0.09,-0.33,-0.41,-0.67,-0.22,-0.33,0.0,-0.56,-0.25,0.81,0.57,0.33,-0.08,0.0,-0.83,-0.06,-0.13,-0.26,0.05,0.17,0.33,-0.19,0.83,0.0,0.06,0.0,0.05,0.06,-0.17,-0.07,-0.33,0.14,-0.29,0.2,-0.11,0.54,0.14,-0.04,-0.33,0.58,0.56,-0.33,0.17,-0.13,-0.26,0.11,0.11,-0.03,-0.17,-0.33,0.06,0.08,0.19,0.16,0.33,-0.17,-0.41,-0.33,0.08,0.11,-0.14,-0.33,0.11,0.08,0.52,0.03,-0.29,0.03,0.0,-0.29,-0.5,0.26,-0.6,0.09,-0.1,0.03,-0.56,0.42,0.24,-0.22,-0.11,0.17,0.0,0.21,-0.33,0.17,0.0,0.21,-0.33,0.15,0.0,-0.45,-0.02,0.07,-0.56,0.14,0.24,0.24,0.1,0.07,0.02,0.18,-0.52,0.45,0.06,0.13,0.11,-0.33,0.49,0.03,-0.42,0.12,0.14,0.0,0.11,-0.08,0.2,0.07,0.37,-0.13,-0.52,-0.04,-0.33,-0.41,-0.04,-0.83,-0.19,-0.33,-0.11,-0.33,0.33,-0.6,-0.08,-0.33,0.19,-0.53,-0.33,0.57,-0.21,-0.71,-0.27,-0.33,0.14,-0.33,0.08,0.1,-0.29,0.33,0.21,-0.17,0.49,0.22,0.37,0.56,0.14,-0.22,-0.02,-0.42,0.25,0.22,-0.2,-0.33,-0.11,0.11,-0.29,0.24,0.02,-0.33,-0.67,0.1,-0.67,0.0,-0.33,-0.06,0.78,0.18,-0.57,
